REPRESENTATIVE,PARTY,1319,1808,3076,3617,3684,3755,5376,5746,7780,7791,7900,8404
Adams,Democratic,YEA,YEA,YEA,YEA,YEA,YEA,YEA,YEA,YEA,YEA,YEA,YEA
Aderholt,Republican,NAY,NAY,YEA,NAY,NAY,NAY,NAY,NAY,NAY,YEA,YEA,NAY
Aguilar,Democratic,YEA,YEA,YEA,YEA,YEA,YEA,YEA,YEA,YEA,YEA,YEA,YEA
Allen,Republican,NAY,NAY,NAY,NAY,NAY,NAY,NAY,NAY,NAY,YEA,YEA,NAY
Allred,Democratic,YEA,YEA,YEA,YEA,YEA,YEA,YEA,YEA,YEA,YEA,YEA,YEA
Amodei,Republican,NAY,NAY,YEA,NAY,NAY,NAY,NAY,NAY,NAY,YEA,YEA,NAY
Armstrong,Republican,NAY,NAY,YEA,NAY,NAY,NAY,NAY,NAY,NAY,YEA,YEA,YEA
Arrington,Republican,NAY,NAY,NAY,NAY,NAY,NAY,NAY,NAY,NAY,NOT_VOTING,YEA,NAY
Auchincloss,Democratic,YEA,YEA,YEA,YEA,YEA,YEA,YEA,YEA,YEA,YEA,YEA,YEA
Axne,Democratic,YEA,YEA,YEA,YEA,YEA,YEA,YEA,YEA,YEA,YEA,YEA,YEA
Babin,Republican,NAY,NAY,NAY,NAY,NAY,NAY,NAY,NAY,NAY,YEA,YEA,NOT_VOTING
Bacon,Republican,NAY,NAY,YEA,NAY,YEA,NAY,NAY,NAY,NAY,YEA,YEA,YEA
Baird,Republican,NAY,NAY,NAY,NAY,NAY,NAY,NAY,NAY,NAY,YEA,YEA,NAY
Balderson,Republican,NAY,NAY,YEA,NAY,NAY,NAY,NAY,NAY,NAY,YEA,YEA,NAY
Banks,Republican,NAY,NAY,NAY,NAY,NAY,NAY,NAY,NAY,NAY,YEA,YEA,NAY
Barr,Republican,NAY,NAY,YEA,NAY,NAY,NAY,NAY,NAY,NAY,YEA,YEA,NAY
Barragán,Democratic,YEA,YEA,YEA,YEA,YEA,YEA,YEA,YEA,YEA,YEA,NAY,YEA
Bass,Democratic,YEA,YEA,YEA,YEA,YEA,YEA,YEA,YEA,YEA,YEA,YEA,YEA
Beatty,Democratic,YEA,YEA,YEA,YEA,YEA,YEA,YEA,YEA,YEA,YEA,YEA,YEA
Bentz,Republican,NAY,NAY,YEA,NAY,NAY,NAY,NAY,NAY,NAY,YEA,YEA,YEA
Bera,Democratic,YEA,YEA,YEA,YEA,YEA,YEA,YEA,YEA,YEA,YEA,YEA,YEA
Bergman,Republican,NAY,NAY,YEA,NAY,NAY,NAY,NAY,NAY,NAY,YEA,YEA,NAY
Beyer,Democratic,YEA,YEA,YEA,YEA,YEA,YEA,YEA,YEA,YEA,YEA,YEA,YEA
Bice (OK),Republican,NAY,NAY,YEA,NAY,NAY,NAY,NAY,NAY,NAY,YEA,YEA,NAY
Biggs,Republican,NAY,NAY,NAY,NAY,NAY,NAY,NAY,NAY,NAY,NAY,NAY,NAY
Bilirakis,Republican,NAY,NAY,YEA,NAY,NAY,NAY,NAY,NAY,NAY,YEA,NAY,NAY
Bishop (GA),Democratic,YEA,YEA,YEA,YEA,YEA,YEA,YEA,YEA,YEA,YEA,YEA,YEA
Bishop (NC),Republican,NAY,NAY,NAY,NAY,NAY,NAY,NAY,NAY,NAY,YEA,NAY,NAY
Blumenauer,Democratic,YEA,YEA,YEA,YEA,YEA,YEA,YEA,YEA,YEA,YEA,NAY,YEA
Blunt Rochester,Democratic,YEA,YEA,YEA,YEA,YEA,YEA,YEA,YEA,YEA,YEA,YEA,YEA
Boebert,Republican,NAY,NAY,NAY,NAY,NAY,NAY,NAY,NAY,NAY,NAY,NAY,NAY
Bonamici,Democratic,YEA,YEA,YEA,YEA,YEA,YEA,YEA,YEA,YEA,YEA,NAY,YEA
Bost,Republican,NAY,NAY,YEA,NAY,NAY,NAY,NAY,NAY,NAY,YEA,YEA,NAY
Bourdeaux,Democratic,YEA,YEA,YEA,YEA,YEA,YEA,YEA,YEA,YEA,YEA,YEA,YEA
Bowman,Democratic,YEA,YEA,YEA,YEA,NAY,YEA,YEA,YEA,YEA,YEA,NAY,YEA
"Boyle, Brendan F.",Democratic,YEA,YEA,YEA,YEA,YEA,YEA,YEA,YEA,YEA,YEA,YEA,YEA
Brady,Republican,NAY,NAY,NAY,NAY,NAY,NAY,NAY,NAY,NAY,YEA,YEA,NAY
Brooks,Republican,NAY,NAY,NAY,NAY,NAY,NAY,NAY,NAY,NAY,YEA,NAY,NAY
Brown,Democratic,YEA,0,0,0,0,YEA,0,0,0,0,0,0
Brown (MD),Democratic,0,YEA,YEA,YEA,YEA,0,YEA,YEA,YEA,YEA,YEA,YEA
Brown (OH),Democratic,0,YEA,YEA,YEA,YEA,0,YEA,YEA,YEA,YEA,YEA,YEA
Brownley,Democratic,YEA,YEA,YEA,YEA,YEA,YEA,YEA,YEA,YEA,YEA,YEA,YEA
Buchanan,Republican,NAY,NAY,NAY,NAY,NAY,NAY,NAY,NAY,NAY,YEA,YEA,NAY
Buck,Republican,NAY,NAY,NAY,NAY,NAY,NAY,NAY,NAY,NAY,YEA,NAY,NAY
Bucshon,Republican,NAY,NAY,YEA,NAY,NAY,NAY,NAY,NAY,NAY,YEA,YEA,NAY
Budd,Republican,NAY,NAY,YEA,NOT_VOTING,NAY,NAY,NAY,NAY,NAY,YEA,YEA,NAY
Burchett,Republican,NAY,NAY,NAY,NAY,NAY,NAY,NAY,NAY,NAY,YEA,NAY,NOT_VOTING
Burgess,Republican,NAY,NAY,YEA,NAY,NAY,NAY,NAY,NAY,NAY,YEA,YEA,NAY
Bush,Democratic,YEA,YEA,YEA,YEA,NAY,YEA,YEA,YEA,YEA,YEA,NAY,YEA
Bustos,Democratic,YEA,YEA,YEA,NOT_VOTING,YEA,YEA,YEA,YEA,YEA,YEA,YEA,YEA
Butterfield,Democratic,YEA,YEA,YEA,YEA,YEA,YEA,YEA,YEA,YEA,YEA,YEA,YEA
Calvert,Republican,NAY,NAY,YEA,NAY,NAY,NAY,NAY,NAY,NAY,YEA,YEA,YEA
Cammack,Republican,NAY,NAY,NAY,NAY,NAY,NAY,NAY,NAY,NAY,YEA,YEA,YEA
Carbajal,Democratic,YEA,YEA,YEA,YEA,YEA,YEA,YEA,YEA,YEA,YEA,YEA,YEA
Carey,Republican,0,NAY,YEA,NAY,NAY,0,NAY,NAY,NAY,YEA,NAY,YEA
Carl,Republican,NAY,NAY,NAY,NAY,NAY,NAY,NOT_VOTING,NAY,NAY,YEA,YEA,NAY
Carson,Democratic,YEA,YEA,YEA,YEA,YEA,YEA,YEA,YEA,YEA,YEA,YEA,YEA
Carter (GA),Republican,NAY,NAY,NAY,NAY,NAY,NAY,NAY,NAY,NAY,YEA,YEA,NAY
Carter (LA),Democratic,0,YEA,YEA,YEA,YEA,YEA,YEA,YEA,YEA,YEA,YEA,YEA
Carter (TX),Republican,NAY,NAY,YEA,NAY,NAY,NAY,NAY,NAY,NAY,YEA,YEA,NAY
Cartwright,Democratic,YEA,YEA,YEA,YEA,YEA,YEA,YEA,NOT_VOTING,YEA,YEA,YEA,YEA
Case,Democratic,YEA,YEA,YEA,YEA,YEA,YEA,YEA,YEA,YEA,YEA,YEA,YEA
Casten,Democratic,YEA,YEA,YEA,YEA,YEA,YEA,YEA,YEA,YEA,YEA,YEA,YEA
Castor (FL),Democratic,YEA,YEA,YEA,YEA,YEA,YEA,YEA,YEA,YEA,YEA,YEA,YEA
Castro (TX),Democratic,YEA,YEA,YEA,YEA,YEA,YEA,YEA,YEA,YEA,YEA,YEA,YEA
Cawthorn,Republican,NAY,NAY,YEA,NAY,NAY,NAY,NAY,NAY,NAY,YEA,NAY,NAY
Chabot,Republican,NAY,NAY,YEA,NAY,NAY,NAY,NAY,NAY,NAY,YEA,YEA,NAY
Cheney,Republican,NAY,NAY,YEA,NOT_VOTING,NAY,NOT_VOTING,NAY,NAY,NOT_VOTING,YEA,YEA,YEA
Cherfilus-McCormick,Democratic,0,YEA,YEA,YEA,0,0,YEA,0,YEA,YEA,YEA,YEA
Chu,Democratic,YEA,YEA,YEA,YEA,YEA,YEA,YEA,YEA,YEA,YEA,YEA,YEA
Cicilline,Democratic,YEA,YEA,YEA,YEA,YEA,YEA,YEA,YEA,YEA,YEA,YEA,YEA
Clark (MA),Democratic,YEA,YEA,YEA,YEA,YEA,YEA,YEA,YEA,YEA,YEA,YEA,YEA
Clarke (NY),Democratic,YEA,YEA,YEA,YEA,YEA,YEA,YEA,YEA,YEA,YEA,NAY,YEA
Cleaver,Democratic,YEA,YEA,YEA,YEA,YEA,YEA,YEA,YEA,YEA,YEA,YEA,YEA
Cline,Republican,NAY,NAY,NAY,NAY,NAY,NAY,NAY,NOT_VOTING,NAY,YEA,NAY,NAY
Cloud,Republican,NAY,NAY,NAY,NAY,NAY,NAY,NAY,NAY,NAY,YEA,NAY,NAY
Clyburn,Democratic,YEA,YEA,YEA,YEA,YEA,YEA,YEA,YEA,YEA,YEA,YEA,YEA
Clyde,Republican,NAY,NAY,YEA,NAY,NAY,NAY,NAY,NAY,NAY,YEA,NAY,NAY
Cohen,Democratic,YEA,YEA,YEA,YEA,YEA,YEA,YEA,YEA,YEA,YEA,NAY,YEA
Cole,Republican,NAY,NAY,YEA,NAY,NAY,NAY,NAY,NAY,NAY,YEA,YEA,NAY
Comer,Republican,NAY,NAY,YEA,NAY,NAY,NAY,NAY,NAY,NAY,YEA,NAY,NAY
Connolly,Democratic,YEA,YEA,YEA,YEA,YEA,YEA,YEA,YEA,YEA,YEA,YEA,YEA
Conway,Republican,0,NAY,0,0,0,0,NAY,0,NOT_VOTING,0,YEA,NAY
Cooper,Democratic,YEA,YEA,YEA,YEA,YEA,YEA,YEA,YEA,YEA,YEA,YEA,YEA
Correa,Democratic,YEA,YEA,YEA,YEA,YEA,YEA,YEA,YEA,YEA,YEA,YEA,YEA
Costa,Democratic,YEA,YEA,YEA,YEA,YEA,YEA,YEA,YEA,YEA,YEA,YEA,YEA
Courtney,Democratic,YEA,YEA,YEA,YEA,YEA,YEA,YEA,YEA,YEA,YEA,YEA,YEA
Craig,Democratic,YEA,YEA,YEA,YEA,YEA,YEA,YEA,YEA,YEA,YEA,YEA,YEA
Crawford,Republican,NAY,NAY,NAY,NAY,NAY,NAY,NAY,NAY,NAY,YEA,YEA,NAY
Crenshaw,Republican,NAY,NAY,NAY,NAY,NAY,NAY,NAY,NAY,NAY,YEA,YEA,NAY
Crist,Democratic,YEA,YEA,YEA,YEA,YEA,YEA,YEA,YEA,0,YEA,YEA,YEA
Crow,Democratic,YEA,YEA,YEA,YEA,YEA,YEA,YEA,YEA,YEA,YEA,YEA,YEA
Cuellar,Democratic,YEA,NAY,YEA,NAY,YEA,NAY,YEA,YEA,YEA,YEA,YEA,YEA
Curtis,Republican,NAY,NAY,YEA,NAY,NAY,NAY,NAY,NAY,NAY,YEA,YEA,YEA
Cárdenas,Democratic,YEA,YEA,YEA,YEA,YEA,YEA,YEA,YEA,YEA,YEA,YEA,YEA
Davids (KS),Democratic,YEA,YEA,YEA,YEA,YEA,YEA,YEA,YEA,YEA,YEA,YEA,YEA
Davidson,Republican,NAY,NAY,NAY,NAY,NAY,NAY,NAY,NAY,NAY,YEA,NAY,NAY
"Davis, Danny K.",Democratic,YEA,YEA,YEA,YEA,YEA,YEA,YEA,YEA,YEA,YEA,YEA,YEA
"Davis, Rodney",Republican,NAY,NAY,YEA,NAY,NAY,NAY,NAY,NAY,NAY,YEA,YEA,YEA
DeFazio,Democratic,YEA,YEA,YEA,YEA,YEA,YEA,YEA,YEA,YEA,YEA,NAY,YEA
DeGette,Democratic,YEA,YEA,YEA,YEA,YEA,YEA,YEA,YEA,YEA,YEA,YEA,YEA
DeLauro,Democratic,YEA,YEA,YEA,YEA,YEA,YEA,YEA,YEA,YEA,YEA,YEA,YEA
DeSaulnier,Democratic,YEA,YEA,YEA,YEA,YEA,YEA,YEA,YEA,YEA,YEA,NAY,YEA
Dean,Democratic,YEA,YEA,YEA,YEA,YEA,YEA,YEA,YEA,YEA,YEA,YEA,YEA
DelBene,Democratic,YEA,YEA,YEA,YEA,YEA,YEA,YEA,YEA,YEA,YEA,YEA,YEA
Delgado,Democratic,YEA,0,YEA,YEA,YEA,YEA,0,YEA,0,YEA,0,0
Demings,Democratic,YEA,YEA,YEA,YEA,YEA,YEA,YEA,YEA,YEA,YEA,YEA,YEA
DesJarlais,Republican,NAY,NAY,NAY,NAY,NAY,NAY,NAY,NAY,NAY,YEA,YEA,NAY
Deutch,Democratic,YEA,YEA,YEA,YEA,YEA,YEA,YEA,YEA,YEA,YEA,YEA,YEA
Diaz-Balart,Republican,NAY,NAY,YEA,NAY,NAY,NAY,NAY,NAY,NAY,YEA,YEA,YEA
Dingell,Democratic,YEA,YEA,YEA,YEA,YEA,YEA,YEA,YEA,YEA,YEA,YEA,YEA
Doggett,Democratic,YEA,YEA,YEA,YEA,YEA,YEA,YEA,YEA,YEA,YEA,YEA,YEA
Donalds,Republican,NAY,NAY,NAY,NAY,NAY,NAY,NAY,NAY,NAY,YEA,NAY,NAY
"Doyle, Michael F.",Democratic,YEA,YEA,YEA,YEA,YEA,YEA,YEA,YEA,YEA,YEA,NAY,YEA
Duncan,Republican,NAY,NAY,NAY,NAY,NAY,NAY,NAY,NAY,NAY,YEA,NAY,NAY
Dunn,Republican,NAY,NAY,YEA,NAY,NAY,NAY,NAY,NAY,NAY,YEA,YEA,NAY
Ellzey,Republican,0,NAY,YEA,NAY,NAY,NAY,NAY,NAY,NAY,YEA,YEA,NAY
Emmer,Republican,NAY,NAY,YEA,NAY,NAY,NAY,NAY,NAY,NAY,YEA,YEA,YEA
Escobar,Democratic,YEA,YEA,YEA,YEA,YEA,YEA,YEA,YEA,YEA,YEA,YEA,YEA
Eshoo,Democratic,YEA,YEA,YEA,YEA,YEA,YEA,YEA,YEA,YEA,YEA,YEA,YEA
Espaillat,Democratic,YEA,YEA,YEA,YEA,YEA,YEA,YEA,YEA,YEA,YEA,NAY,YEA
Estes,Republican,NAY,NAY,NAY,NAY,NAY,NAY,NAY,NAY,NAY,YEA,YEA,NAY
Evans,Democratic,YEA,YEA,YEA,YEA,YEA,YEA,YEA,YEA,YEA,YEA,YEA,YEA
Fallon,Republican,NAY,NAY,NAY,NAY,NAY,NAY,NAY,NAY,NAY,YEA,YEA,NAY
Feenstra,Republican,NAY,NAY,YEA,NAY,NAY,NAY,NAY,NAY,NAY,YEA,YEA,NAY
Ferguson,Republican,NAY,NAY,NAY,NAY,NAY,NAY,NAY,NAY,NAY,YEA,YEA,NAY
Finstad,Republican,0,0,0,0,0,0,NAY,0,NAY,0,0,0
Fischbach,Republican,NAY,NAY,YEA,NAY,NAY,NAY,NAY,NAY,NAY,YEA,NAY,NAY
Fitzgerald,Republican,NAY,NAY,YEA,NAY,NAY,NAY,NAY,NAY,NAY,YEA,YEA,NAY
Fitzpatrick,Republican,NAY,YEA,YEA,NAY,YEA,NAY,NAY,NAY,YEA,YEA,YEA,YEA
Fleischmann,Republican,NAY,NAY,NAY,NAY,NAY,NAY,NAY,NAY,NAY,YEA,YEA,NAY
Fletcher,Democratic,YEA,YEA,YEA,YEA,YEA,YEA,YEA,YEA,YEA,YEA,YEA,YEA
Flood,Republican,0,NAY,0,0,0,0,NAY,0,NAY,0,YEA,NAY
Flores,Republican,0,NAY,0,0,0,0,NAY,0,NAY,0,YEA,NAY
Fortenberry,Republican,NAY,0,YEA,0,NAY,NAY,0,NAY,0,0,0,0
Foster,Democratic,YEA,YEA,YEA,YEA,YEA,YEA,YEA,YEA,YEA,YEA,YEA,YEA
Foxx,Republican,NAY,NAY,YEA,NAY,NAY,NAY,NAY,NAY,NAY,NOT_VOTING,YEA,NAY
"Frankel, Lois",Democratic,YEA,YEA,YEA,YEA,YEA,YEA,YEA,YEA,YEA,YEA,YEA,YEA
"Franklin, C. Scott",Republican,NAY,NAY,NAY,NAY,NAY,NAY,NAY,NAY,NAY,YEA,YEA,NAY
Fudge,Democratic,YEA,0,0,0,0,0,0,0,0,0,0,0
Fulcher,Republican,NAY,NAY,NAY,NAY,NAY,NAY,NAY,NAY,NAY,YEA,NAY,NAY
Gaetz,Republican,NAY,NAY,NAY,YEA,NAY,NAY,NAY,NAY,NAY,NAY,YEA,NAY
Gallagher,Republican,NAY,NAY,YEA,NAY,NAY,NAY,NOT_VOTING,NAY,NAY,YEA,YEA,NAY
Gallego,Democratic,YEA,YEA,YEA,YEA,YEA,YEA,YEA,YEA,YEA,YEA,YEA,YEA
Garamendi,Democratic,YEA,YEA,YEA,YEA,YEA,YEA,YEA,YEA,YEA,YEA,YEA,YEA
Garbarino,Republican,NAY,NAY,YEA,NAY,YEA,NAY,NAY,NAY,NAY,YEA,YEA,YEA
Garcia (CA),Republican,NAY,NAY,YEA,NAY,NAY,NAY,NAY,NAY,NAY,YEA,NAY,YEA
Garcia (TX),Democratic,YEA,YEA,YEA,YEA,YEA,YEA,YEA,YEA,YEA,YEA,YEA,YEA
García (IL),Democratic,YEA,YEA,YEA,YEA,YEA,YEA,YEA,YEA,YEA,YEA,NAY,YEA
Gibbs,Republican,NAY,NAY,YEA,NAY,NAY,NAY,NAY,NAY,NAY,YEA,YEA,NAY
Gimenez,Republican,NAY,NAY,YEA,NAY,NAY,NAY,NAY,NAY,NAY,YEA,YEA,YEA
Gohmert,Republican,NAY,NAY,NAY,NAY,NAY,NAY,NAY,NAY,NAY,NAY,NAY,NAY
Golden,Democratic,NAY,NAY,YEA,YEA,YEA,YEA,YEA,YEA,YEA,YEA,YEA,YEA
Gomez,Democratic,YEA,YEA,YEA,YEA,YEA,YEA,YEA,YEA,YEA,YEA,NAY,YEA
"Gonzales, Tony",Republican,NAY,NAY,YEA,NAY,NAY,NAY,NAY,NAY,NAY,YEA,YEA,YEA
Gonzalez (OH),Republican,NAY,NOT_VOTING,YEA,NAY,YEA,NAY,NAY,NAY,NAY,YEA,YEA,YEA
"Gonzalez, Vicente",Democratic,YEA,NAY,YEA,YEA,YEA,YEA,YEA,YEA,YEA,NOT_VOTING,YEA,YEA
Good (VA),Republican,NAY,NAY,NAY,NAY,NAY,NAY,NAY,NAY,NAY,YEA,NAY,NAY
Gooden (TX),Republican,NAY,NAY,NAY,NAY,NAY,NAY,NAY,NAY,NAY,YEA,NAY,NAY
Gosar,Republican,NAY,NAY,NAY,NAY,NAY,NAY,NAY,NAY,NAY,NAY,NAY,NAY
Gottheimer,Democratic,YEA,YEA,YEA,YEA,YEA,YEA,YEA,YEA,YEA,YEA,YEA,YEA
Granger,Republican,NAY,NAY,YEA,NAY,NAY,NAY,NAY,NAY,NAY,YEA,YEA,NAY
Graves (LA),Republican,NAY,NAY,YEA,NAY,NAY,NAY,NAY,NAY,NAY,YEA,YEA,NAY
Graves (MO),Republican,NAY,NAY,YEA,NAY,NAY,NAY,NAY,NAY,NAY,YEA,YEA,NAY
Green (TN),Republican,NAY,NAY,NAY,NAY,NAY,NAY,NAY,NOT_VOTING,NAY,YEA,YEA,NAY
"Green, Al (TX)",Democratic,YEA,YEA,YEA,YEA,YEA,YEA,YEA,YEA,YEA,YEA,YEA,YEA
Greene (GA),Republican,NAY,NAY,NAY,NAY,NAY,NAY,NAY,NAY,NAY,NAY,NAY,NAY
Griffith,Republican,NAY,NAY,YEA,NAY,NAY,NAY,NAY,NAY,NAY,YEA,NAY,NAY
Grijalva,Democratic,YEA,YEA,YEA,YEA,YEA,YEA,YEA,YEA,YEA,YEA,YEA,YEA
Grothman,Republican,NAY,NAY,YEA,NAY,NAY,NAY,NAY,NAY,NAY,YEA,YEA,NAY
Guest,Republican,NAY,NAY,YEA,NAY,NAY,NAY,NAY,NAY,NAY,YEA,NAY,NAY
Guthrie,Republican,NAY,NAY,YEA,NAY,NAY,NAY,NAY,NAY,NAY,YEA,YEA,NAY
Haaland,Democratic,YEA,0,0,0,0,0,0,0,0,0,0,0
Hagedorn,Republican,NAY,0,YEA,0,NAY,NAY,0,NAY,0,0,0,0
Harder (CA),Democratic,YEA,YEA,YEA,YEA,YEA,YEA,YEA,YEA,YEA,YEA,YEA,YEA
Harris,Republican,NAY,NAY,NAY,NAY,NAY,NAY,NAY,NAY,NAY,YEA,NAY,NAY
Harshbarger,Republican,NAY,NAY,YEA,NAY,NAY,NAY,NAY,NAY,NAY,YEA,YEA,NAY
Hartzler,Republican,NAY,NAY,YEA,NAY,NAY,NAY,NAY,NAY,NAY,YEA,NAY,NOT_VOTING
Hastings,Democratic,YEA,0,0,0,0,0,0,0,0,0,0,0
Hayes,Democratic,YEA,YEA,YEA,YEA,YEA,YEA,YEA,YEA,YEA,YEA,YEA,YEA
Hern,Republican,NAY,NAY,NAY,NAY,NAY,NAY,NAY,NAY,NAY,YEA,NAY,NAY
Herrell,Republican,NAY,NAY,YEA,NAY,NAY,NAY,NAY,NAY,NAY,YEA,YEA,NAY
Herrera Beutler,Republican,NAY,NAY,YEA,NAY,NAY,NAY,NAY,NAY,NAY,YEA,YEA,NAY
Hice (GA),Republican,NAY,NAY,NAY,NAY,NAY,NAY,NAY,NAY,NAY,YEA,NAY,NAY
Higgins (LA),Republican,NAY,NAY,NAY,NAY,NAY,NAY,NAY,NOT_VOTING,NAY,NAY,NAY,NAY
Higgins (NY),Democratic,YEA,YEA,YEA,YEA,YEA,YEA,YEA,YEA,YEA,YEA,YEA,YEA
Hill,Republican,NAY,NAY,YEA,NAY,NAY,NAY,NAY,NAY,NAY,YEA,YEA,NAY
Himes,Democratic,YEA,YEA,YEA,YEA,YEA,YEA,YEA,YEA,YEA,YEA,YEA,YEA
Hinson,Republican,NAY,NAY,YEA,NAY,NAY,NAY,NAY,NAY,NAY,YEA,YEA,YEA
Hollingsworth,Republican,NAY,NAY,NAY,NAY,NAY,NAY,NAY,NAY,NOT_VOTING,YEA,YEA,NOT_VOTING
Horsford,Democratic,YEA,YEA,YEA,YEA,YEA,YEA,YEA,YEA,YEA,YEA,YEA,YEA
Houlahan,Democratic,YEA,YEA,YEA,YEA,YEA,YEA,YEA,YEA,YEA,YEA,YEA,YEA
Hoyer,Democratic,YEA,YEA,YEA,YEA,YEA,YEA,YEA,YEA,YEA,YEA,YEA,YEA
Hudson,Republican,NAY,NAY,YEA,NAY,NAY,NAY,NAY,NAY,NAY,YEA,YEA,NAY
Huffman,Democratic,YEA,YEA,YEA,YEA,YEA,YEA,YEA,YEA,YEA,YEA,YEA,YEA
Huizenga,Republican,NAY,NAY,NAY,NAY,NAY,NAY,NAY,NAY,NAY,YEA,NAY,NAY
Issa,Republican,NAY,NAY,NAY,NAY,NAY,NAY,NAY,NAY,NAY,YEA,YEA,YEA
Jackson,Republican,NAY,NAY,NAY,NAY,NAY,NAY,NAY,NAY,NAY,YEA,YEA,NAY
Jackson Lee,Democratic,YEA,YEA,YEA,YEA,YEA,YEA,YEA,YEA,YEA,YEA,YEA,YEA
Jacobs (CA),Democratic,YEA,YEA,YEA,YEA,YEA,YEA,YEA,YEA,YEA,YEA,YEA,YEA
Jacobs (NY),Republican,NAY,YEA,YEA,NAY,NAY,NAY,NAY,NAY,NAY,YEA,YEA,YEA
Jayapal,Democratic,YEA,YEA,YEA,YEA,YEA,YEA,YEA,YEA,YEA,YEA,NAY,YEA
Jeffries,Democratic,YEA,YEA,YEA,YEA,YEA,YEA,YEA,YEA,YEA,YEA,YEA,YEA
Johnson (GA),Democratic,YEA,YEA,YEA,YEA,YEA,YEA,YEA,YEA,YEA,YEA,YEA,YEA
Johnson (LA),Republican,NAY,NAY,NAY,NOT_VOTING,NAY,NAY,NAY,NAY,NAY,YEA,YEA,NAY
Johnson (OH),Republican,NAY,NAY,YEA,NAY,NAY,NAY,NAY,NAY,NAY,YEA,YEA,NAY
Johnson (SD),Republican,NAY,NAY,YEA,NAY,NAY,NAY,NAY,NAY,NAY,YEA,YEA,NAY
Johnson (TX),Democratic,YEA,YEA,YEA,YEA,YEA,YEA,YEA,YEA,YEA,YEA,YEA,YEA
Jones,Democratic,YEA,YEA,YEA,YEA,YEA,YEA,YEA,YEA,YEA,YEA,NAY,YEA
Jordan,Republican,NAY,NAY,NAY,NAY,NAY,NAY,NAY,NAY,NAY,YEA,NAY,NAY
Joyce (OH),Republican,NAY,NAY,YEA,NAY,NAY,NAY,NAY,NAY,NAY,YEA,YEA,YEA
Joyce (PA),Republican,NAY,NAY,YEA,NAY,NAY,NAY,NAY,NAY,NAY,YEA,YEA,NAY
Kahele,Democratic,YEA,YEA,YEA,YEA,YEA,YEA,YEA,YEA,YEA,YEA,YEA,YEA
Kaptur,Democratic,YEA,YEA,YEA,YEA,YEA,YEA,YEA,YEA,YEA,YEA,YEA,YEA
Katko,Republican,NAY,NAY,YEA,NAY,YEA,NAY,NAY,NAY,NAY,YEA,YEA,YEA
Keating,Democratic,YEA,YEA,YEA,YEA,YEA,YEA,YEA,YEA,YEA,YEA,YEA,YEA
Keller,Republican,NAY,NAY,YEA,NAY,NAY,NAY,NAY,NAY,NAY,YEA,YEA,NAY
Kelly (IL),Democratic,YEA,YEA,YEA,YEA,YEA,YEA,YEA,YEA,YEA,YEA,YEA,YEA
Kelly (MS),Republican,NAY,NAY,NAY,NAY,NAY,NAY,NAY,NAY,NAY,YEA,YEA,NAY
Kelly (PA),Republican,NAY,NAY,YEA,NAY,NAY,NAY,NAY,NAY,NAY,YEA,YEA,NAY
Khanna,Democratic,YEA,YEA,YEA,YEA,YEA,YEA,YEA,YEA,YEA,YEA,NAY,YEA
Kildee,Democratic,YEA,YEA,YEA,YEA,YEA,YEA,YEA,YEA,YEA,YEA,YEA,YEA
Kilmer,Democratic,YEA,YEA,YEA,YEA,YEA,YEA,YEA,YEA,YEA,YEA,YEA,YEA
Kim (CA),Republican,NAY,NAY,YEA,NAY,NAY,NAY,NAY,NAY,NAY,YEA,YEA,NAY
Kim (NJ),Democratic,YEA,YEA,YEA,YEA,YEA,YEA,YEA,YEA,YEA,YEA,YEA,YEA
Kind,Democratic,YEA,NAY,YEA,YEA,YEA,YEA,YEA,YEA,YEA,YEA,YEA,YEA
Kinzinger,Republican,NAY,NAY,YEA,NAY,YEA,NAY,NAY,NAY,NAY,YEA,YEA,YEA
Kirkpatrick,Democratic,YEA,YEA,YEA,YEA,YEA,YEA,YEA,YEA,YEA,YEA,YEA,YEA
Krishnamoorthi,Democratic,YEA,YEA,YEA,YEA,YEA,YEA,YEA,YEA,YEA,YEA,YEA,YEA
Kuster,Democratic,YEA,YEA,YEA,YEA,YEA,YEA,YEA,YEA,YEA,YEA,YEA,YEA
Kustoff,Republican,NAY,NAY,NAY,NAY,NAY,NAY,NAY,NAY,NAY,YEA,YEA,NAY
LaHood,Republican,NAY,NAY,NAY,NAY,NAY,NAY,NAY,NAY,NAY,YEA,NAY,NAY
LaMalfa,Republican,NAY,NAY,YEA,NAY,NAY,NAY,NAY,NAY,NOT_VOTING,YEA,NAY,NAY
LaTurner,Republican,NAY,NAY,YEA,NAY,NAY,NAY,NAY,NAY,NAY,YEA,YEA,NAY
Lamb,Democratic,YEA,YEA,YEA,YEA,YEA,YEA,YEA,YEA,YEA,YEA,YEA,YEA
Lamborn,Republican,NAY,NAY,NAY,NAY,NAY,NAY,NAY,NAY,NAY,YEA,YEA,NAY
Langevin,Democratic,YEA,YEA,YEA,YEA,YEA,YEA,YEA,YEA,YEA,YEA,YEA,YEA
Larsen (WA),Democratic,YEA,YEA,YEA,YEA,YEA,YEA,YEA,YEA,YEA,YEA,YEA,YEA
Larson (CT),Democratic,YEA,YEA,YEA,YEA,YEA,YEA,YEA,YEA,YEA,YEA,YEA,YEA
Latta,Republican,NAY,NAY,YEA,NAY,NAY,NAY,NAY,NAY,NAY,YEA,YEA,NAY
Lawrence,Democratic,YEA,YEA,YEA,YEA,YEA,YEA,YEA,YEA,YEA,YEA,YEA,YEA
Lawson (FL),Democratic,YEA,YEA,YEA,YEA,YEA,NOT_VOTING,YEA,YEA,YEA,YEA,YEA,YEA
Lee (CA),Democratic,YEA,YEA,YEA,YEA,YEA,YEA,YEA,YEA,YEA,YEA,NAY,YEA
Lee (NV),Democratic,YEA,YEA,YEA,YEA,YEA,YEA,YEA,YEA,YEA,YEA,YEA,YEA
Leger Fernandez,Democratic,YEA,YEA,YEA,YEA,YEA,YEA,YEA,YEA,YEA,YEA,YEA,YEA
Lesko,Republican,NAY,NAY,NAY,NAY,NAY,NOT_VOTING,NAY,NAY,NAY,YEA,NAY,NAY
Letlow,Republican,0,NAY,YEA,NAY,NAY,NAY,NAY,NAY,NAY,YEA,YEA,NAY
Levin (CA),Democratic,YEA,YEA,YEA,YEA,YEA,YEA,YEA,YEA,YEA,YEA,YEA,YEA
Levin (MI),Democratic,YEA,YEA,YEA,YEA,YEA,YEA,YEA,YEA,YEA,YEA,NAY,YEA
Lieu,Democratic,YEA,YEA,YEA,YEA,YEA,YEA,YEA,YEA,YEA,YEA,YEA,YEA
Lofgren,Democratic,YEA,YEA,YEA,YEA,YEA,YEA,YEA,YEA,YEA,YEA,YEA,YEA
Long,Republican,NAY,NAY,NAY,NAY,NAY,NAY,NAY,NAY,NAY,YEA,YEA,NAY
Loudermilk,Republican,NAY,NAY,NAY,NAY,NAY,NAY,NAY,NAY,NAY,YEA,NAY,NAY
Lowenthal,Democratic,YEA,YEA,YEA,YEA,YEA,YEA,YEA,YEA,YEA,YEA,NAY,YEA
Lucas,Republican,NAY,NAY,YEA,NAY,NAY,NAY,NAY,NAY,NAY,YEA,YEA,NOT_VOTING
Luetkemeyer,Republican,NAY,NAY,YEA,NAY,NAY,NAY,NAY,NAY,NAY,YEA,YEA,NAY
Luria,Democratic,YEA,YEA,YEA,YEA,YEA,YEA,YEA,YEA,YEA,YEA,YEA,YEA
Lynch,Democratic,YEA,YEA,YEA,YEA,YEA,YEA,YEA,YEA,YEA,YEA,YEA,YEA
Mace,Republican,NAY,NAY,YEA,NAY,NAY,NAY,NAY,NAY,NAY,YEA,YEA,YEA
Malinowski,Democratic,YEA,YEA,YEA,YEA,YEA,YEA,YEA,YEA,YEA,YEA,YEA,YEA
Malliotakis,Republican,NAY,NAY,YEA,NAY,YEA,NAY,NAY,NAY,NAY,YEA,YEA,YEA
"Maloney, Carolyn B.",Democratic,YEA,YEA,YEA,YEA,YEA,YEA,YEA,YEA,YEA,YEA,NAY,YEA
"Maloney, Sean",Democratic,YEA,YEA,YEA,YEA,YEA,YEA,YEA,YEA,YEA,YEA,YEA,YEA
Mann,Republican,NAY,NAY,NAY,NAY,NAY,NAY,NAY,NAY,NAY,YEA,NAY,NAY
Manning,Democratic,YEA,YEA,YEA,YEA,YEA,YEA,YEA,YEA,YEA,YEA,YEA,YEA
Massie,Republican,NAY,NAY,NAY,NAY,NAY,NAY,NAY,NAY,NAY,NAY,NAY,NAY
Mast,Republican,NAY,NAY,YEA,YEA,NAY,NAY,NAY,NAY,NAY,YEA,NAY,YEA
Matsui,Democratic,YEA,YEA,YEA,YEA,YEA,YEA,YEA,YEA,YEA,YEA,YEA,YEA
McBath,Democratic,YEA,YEA,YEA,YEA,YEA,YEA,YEA,YEA,YEA,YEA,YEA,YEA
McCarthy,Republican,NAY,NAY,YEA,NAY,NAY,NAY,NAY,NAY,NAY,YEA,YEA,NAY
McCaul,Republican,NAY,NAY,YEA,NAY,NAY,NAY,NAY,NAY,NAY,YEA,YEA,NAY
McClain,Republican,NAY,NAY,NAY,NAY,NAY,NAY,NAY,NAY,NAY,YEA,YEA,NAY
McClintock,Republican,NAY,NAY,NAY,YEA,NAY,NAY,NAY,NOT_VOTING,NAY,YEA,NAY,NAY
McCollum,Democratic,YEA,YEA,YEA,YEA,YEA,YEA,YEA,YEA,YEA,YEA,YEA,YEA
McEachin,Democratic,YEA,YEA,YEA,YEA,YEA,YEA,YEA,YEA,YEA,YEA,YEA,YEA
McGovern,Democratic,YEA,YEA,YEA,YEA,YEA,YEA,YEA,YEA,YEA,YEA,NAY,YEA
McHenry,Republican,NAY,NAY,NAY,NAY,NAY,NAY,NAY,NAY,NAY,YEA,YEA,NAY
McKinley,Republican,NAY,NAY,YEA,NAY,YEA,NAY,NAY,NAY,NAY,YEA,YEA,NOT_VOTING
McNerney,Democratic,YEA,YEA,YEA,YEA,YEA,YEA,YEA,YEA,NOT_VOTING,YEA,YEA,YEA
Meeks,Democratic,YEA,YEA,YEA,YEA,YEA,YEA,YEA,YEA,YEA,YEA,YEA,YEA
Meijer,Republican,NAY,NAY,YEA,NAY,NAY,NAY,NAY,NAY,NAY,YEA,YEA,YEA
Meng,Democratic,YEA,YEA,YEA,YEA,YEA,YEA,YEA,YEA,YEA,YEA,YEA,YEA
Meuser,Republican,NAY,NAY,YEA,NAY,NAY,NAY,NAY,NAY,NAY,YEA,NAY,YEA
Mfume,Democratic,YEA,YEA,YEA,YEA,YEA,YEA,YEA,YEA,YEA,YEA,YEA,YEA
Miller (IL),Republican,NAY,NAY,NAY,NAY,NAY,NAY,NAY,NAY,NAY,YEA,NAY,NAY
Miller (WV),Republican,NAY,NAY,NAY,NAY,NAY,NAY,NAY,NAY,NAY,YEA,YEA,NOT_VOTING
Miller-Meeks,Republican,NAY,NAY,YEA,NAY,NAY,NAY,NAY,NAY,NAY,YEA,YEA,YEA
Moolenaar,Republican,NAY,NAY,NAY,NAY,NAY,NAY,NAY,NAY,NAY,YEA,NAY,NAY
Mooney,Republican,NAY,NAY,NAY,NAY,NAY,NAY,NAY,NAY,NAY,YEA,NAY,NAY
Moore (AL),Republican,NAY,NAY,NAY,NAY,NAY,NAY,NAY,NAY,NAY,YEA,NAY,NAY
Moore (UT),Republican,NAY,NAY,YEA,NAY,NAY,NAY,NAY,NAY,NAY,YEA,YEA,YEA
Moore (WI),Democratic,YEA,YEA,YEA,YEA,YEA,YEA,YEA,YEA,YEA,YEA,NAY,YEA
Morelle,Democratic,YEA,YEA,YEA,YEA,YEA,YEA,YEA,YEA,YEA,YEA,YEA,YEA
Moulton,Democratic,YEA,YEA,YEA,YEA,YEA,YEA,YEA,YEA,YEA,YEA,YEA,YEA
Mrvan,Democratic,YEA,YEA,YEA,YEA,YEA,YEA,YEA,YEA,YEA,YEA,YEA,YEA
Mullin,Republican,NAY,NAY,NAY,NAY,NAY,NAY,NAY,NAY,NAY,YEA,YEA,NAY
Murphy (FL),Democratic,YEA,YEA,YEA,YEA,YEA,YEA,YEA,YEA,YEA,YEA,YEA,YEA
Murphy (NC),Republican,NAY,NAY,NAY,NAY,NAY,NAY,NAY,NAY,NAY,YEA,YEA,NAY
Nadler,Democratic,YEA,YEA,YEA,YEA,YEA,YEA,YEA,YEA,YEA,YEA,NAY,YEA
Napolitano,Democratic,YEA,YEA,YEA,YEA,YEA,YEA,YEA,YEA,YEA,YEA,YEA,YEA
Neal,Democratic,YEA,YEA,YEA,YEA,YEA,YEA,YEA,YEA,YEA,YEA,YEA,YEA
Neguse,Democratic,YEA,YEA,YEA,YEA,YEA,YEA,YEA,YEA,YEA,YEA,YEA,YEA
Nehls,Republican,NAY,NAY,NAY,NAY,NAY,NAY,NAY,NAY,NAY,YEA,NAY,NAY
Newhouse,Republican,NAY,NAY,YEA,NAY,NAY,NAY,NAY,NAY,NOT_VOTING,YEA,YEA,YEA
Newman,Democratic,YEA,YEA,YEA,YEA,YEA,YEA,YEA,YEA,YEA,YEA,NAY,YEA
Norcross,Democratic,YEA,YEA,YEA,YEA,YEA,YEA,YEA,YEA,YEA,YEA,YEA,YEA
Norman,Republican,NAY,NAY,NAY,NAY,NAY,NAY,NAY,NAY,NAY,YEA,NAY,NAY
Nunes,Republican,NAY,0,0,0,NAY,NAY,0,0,0,0,0,0
O'Halleran,Democratic,YEA,YEA,YEA,YEA,YEA,YEA,YEA,YEA,YEA,YEA,YEA,YEA
Obernolte,Republican,NAY,NAY,YEA,NAY,NAY,NAY,NAY,NAY,NAY,YEA,YEA,YEA
Ocasio-Cortez,Democratic,YEA,YEA,YEA,YEA,NAY,YEA,YEA,YEA,YEA,YEA,NAY,YEA
Omar,Democratic,YEA,YEA,YEA,YEA,NAY,YEA,YEA,YEA,YEA,YEA,NAY,YEA
Owens,Republican,NAY,NAY,YEA,NAY,NAY,NAY,NAY,NAY,NAY,YEA,YEA,YEA
Palazzo,Republican,NAY,NAY,NAY,NAY,NAY,NAY,NAY,NAY,NAY,NOT_VOTING,YEA,NAY
Pallone,Democratic,YEA,YEA,YEA,YEA,YEA,YEA,YEA,YEA,YEA,YEA,NAY,YEA
Palmer,Republican,NAY,NAY,NAY,NAY,NAY,NAY,NAY,NOT_VOTING,NAY,YEA,YEA,NAY
Panetta,Democratic,YEA,YEA,YEA,YEA,YEA,YEA,YEA,YEA,YEA,YEA,YEA,YEA
Pappas,Democratic,YEA,YEA,YEA,NAY,YEA,YEA,YEA,YEA,YEA,YEA,YEA,YEA
Pascrell,Democratic,YEA,YEA,YEA,YEA,YEA,YEA,YEA,YEA,YEA,YEA,YEA,YEA
Payne,Democratic,YEA,YEA,YEA,YEA,YEA,YEA,YEA,YEA,YEA,YEA,YEA,YEA
Pelosi,Democratic,YEA,YEA,YEA,0,YEA,YEA,YEA,YEA,0,YEA,YEA,YEA
Peltola,Democratic,0,0,0,0,0,0,0,0,YEA,0,0,0
Pence,Republican,NAY,NAY,YEA,NAY,NAY,NAY,NOT_VOTING,NAY,NAY,YEA,NAY,NAY
Perlmutter,Democratic,YEA,YEA,YEA,YEA,YEA,YEA,YEA,YEA,YEA,YEA,YEA,YEA
Perry,Republican,NAY,NAY,NAY,NAY,NAY,NAY,NAY,NAY,NAY,YEA,NAY,YEA
Peters,Democratic,YEA,YEA,YEA,YEA,YEA,YEA,YEA,YEA,YEA,YEA,YEA,YEA
Pfluger,Republican,NAY,NAY,NAY,NAY,NAY,NAY,NAY,NAY,NAY,YEA,YEA,NAY
Phillips,Democratic,YEA,YEA,YEA,YEA,YEA,YEA,YEA,YEA,YEA,YEA,YEA,YEA
Pingree,Democratic,YEA,YEA,YEA,YEA,YEA,YEA,YEA,YEA,YEA,YEA,YEA,YEA
Pocan,Democratic,YEA,YEA,YEA,YEA,YEA,YEA,YEA,YEA,YEA,YEA,NAY,YEA
Porter,Democratic,YEA,YEA,YEA,YEA,YEA,YEA,YEA,YEA,YEA,YEA,NAY,YEA
Posey,Republican,NAY,NAY,NAY,NAY,NAY,NAY,NAY,NAY,NAY,YEA,NAY,NAY
Pressley,Democratic,YEA,YEA,YEA,YEA,NAY,YEA,YEA,YEA,YEA,YEA,NAY,YEA
Price (NC),Democratic,YEA,YEA,YEA,YEA,YEA,YEA,YEA,YEA,YEA,YEA,YEA,YEA
Quigley,Democratic,YEA,YEA,YEA,YEA,YEA,YEA,YEA,YEA,YEA,YEA,YEA,YEA
Raskin,Democratic,YEA,YEA,YEA,YEA,YEA,YEA,YEA,YEA,YEA,YEA,NAY,YEA
Reed,Republican,NAY,0,YEA,NAY,YEA,NAY,0,NAY,0,0,0,0
Reschenthaler,Republican,NAY,NAY,YEA,NAY,NAY,NAY,NAY,NAY,NAY,YEA,YEA,NAY
Rice (NY),Democratic,YEA,YEA,YEA,YEA,YEA,YEA,YEA,YEA,YEA,YEA,YEA,YEA
Rice (SC),Republican,NAY,NAY,NAY,NAY,NAY,NAY,NAY,NAY,NAY,YEA,NAY,YEA
Rodgers (WA),Republican,NAY,NAY,NAY,NAY,NAY,NAY,NAY,NAY,NAY,YEA,YEA,NAY
Rogers (AL),Republican,NAY,NAY,YEA,NAY,NAY,NAY,NOT_VOTING,NOT_VOTING,NAY,YEA,YEA,NAY
Rogers (KY),Republican,NAY,NAY,YEA,NAY,NAY,NAY,NAY,NAY,NAY,YEA,YEA,NAY
Rose,Republican,NAY,NAY,NAY,NAY,NAY,NAY,NAY,NAY,NAY,YEA,YEA,NAY
Rosendale,Republican,NAY,NAY,NAY,NAY,NAY,NAY,NAY,NAY,NAY,YEA,NAY,NAY
Ross,Democratic,YEA,YEA,YEA,YEA,YEA,YEA,YEA,YEA,YEA,YEA,YEA,YEA
Rouzer,Republican,NAY,NAY,YEA,NAY,NAY,NAY,NAY,NAY,NAY,YEA,YEA,NAY
Roy,Republican,NAY,NAY,NAY,NAY,NAY,NAY,NAY,NAY,NAY,NAY,NAY,NAY
Roybal-Allard,Democratic,YEA,YEA,YEA,YEA,YEA,YEA,YEA,YEA,YEA,YEA,YEA,YEA
Ruiz,Democratic,YEA,YEA,YEA,YEA,YEA,YEA,YEA,YEA,YEA,YEA,YEA,YEA
Ruppersberger,Democratic,YEA,YEA,YEA,YEA,YEA,YEA,YEA,YEA,YEA,YEA,YEA,YEA
Rush,Democratic,YEA,YEA,YEA,YEA,YEA,YEA,YEA,YEA,YEA,YEA,YEA,YEA
Rutherford,Republican,NAY,NAY,YEA,NAY,NAY,NAY,NAY,NOT_VOTING,NAY,NOT_VOTING,YEA,NAY
Ryan,Democratic,YEA,YEA,YEA,YEA,YEA,YEA,YEA,YEA,0,YEA,YEA,YEA
Ryan (NY),Democratic,0,0,0,0,0,0,0,0,YEA,0,0,0
Ryan (OH),Democratic,0,0,0,0,0,0,0,0,YEA,0,0,0
Salazar,Republican,NAY,NAY,YEA,NAY,NAY,NAY,NAY,NAY,NAY,YEA,YEA,YEA
Sarbanes,Democratic,YEA,YEA,YEA,YEA,YEA,YEA,YEA,YEA,YEA,YEA,YEA,YEA
Scalise,Republican,NAY,NAY,YEA,NAY,NAY,NAY,NAY,NAY,NAY,YEA,YEA,NAY
Scanlon,Democratic,YEA,YEA,YEA,YEA,YEA,YEA,YEA,YEA,YEA,YEA,YEA,YEA
Schakowsky,Democratic,YEA,YEA,YEA,YEA,YEA,YEA,YEA,YEA,YEA,YEA,NAY,YEA
Schiff,Democratic,YEA,YEA,YEA,YEA,YEA,YEA,YEA,YEA,YEA,YEA,YEA,YEA
Schneider,Democratic,YEA,YEA,YEA,YEA,YEA,YEA,YEA,YEA,YEA,YEA,YEA,YEA
Schrader,Democratic,YEA,NAY,YEA,YEA,YEA,YEA,YEA,YEA,YEA,YEA,NAY,YEA
Schrier,Democratic,YEA,YEA,YEA,YEA,YEA,YEA,YEA,YEA,YEA,YEA,YEA,YEA
Schweikert,Republican,NAY,NAY,NAY,NAY,NAY,NAY,NAY,NAY,NAY,YEA,NAY,NAY
Scott (VA),Democratic,YEA,YEA,YEA,YEA,YEA,YEA,YEA,YEA,YEA,YEA,YEA,YEA
"Scott, Austin",Republican,NAY,NAY,NAY,NAY,NAY,NAY,NAY,NAY,NAY,YEA,YEA,NAY
"Scott, David",Democratic,YEA,YEA,YEA,YEA,YEA,YEA,YEA,YEA,YEA,YEA,YEA,YEA
Sempolinski,Republican,0,0,0,0,0,0,0,0,NAY,0,0,0
Sessions,Republican,NAY,NAY,YEA,NAY,NAY,NAY,NAY,NAY,NAY,YEA,YEA,NAY
Sewell,Democratic,YEA,YEA,YEA,YEA,YEA,YEA,YEA,YEA,YEA,YEA,YEA,YEA
Sherman,Democratic,YEA,YEA,YEA,YEA,YEA,YEA,YEA,YEA,YEA,YEA,YEA,YEA
Sherrill,Democratic,YEA,YEA,YEA,YEA,YEA,YEA,YEA,YEA,YEA,YEA,YEA,YEA
Simpson,Republican,NAY,NAY,YEA,NAY,NAY,NAY,NAY,NAY,NAY,YEA,YEA,YEA
Sires,Democratic,YEA,YEA,YEA,YEA,YEA,YEA,YEA,YEA,YEA,YEA,YEA,YEA
Slotkin,Democratic,YEA,YEA,YEA,YEA,YEA,YEA,YEA,YEA,YEA,YEA,YEA,YEA
Smith (MO),Republican,NAY,NAY,NAY,NAY,NAY,NAY,NAY,NAY,NAY,YEA,YEA,NAY
Smith (NE),Republican,NAY,NAY,NAY,NAY,NAY,NAY,NAY,NAY,NAY,YEA,YEA,NAY
Smith (NJ),Republican,NAY,NAY,YEA,NAY,YEA,NAY,NAY,NAY,NAY,YEA,YEA,NAY
Smith (WA),Democratic,YEA,YEA,YEA,YEA,YEA,YEA,YEA,YEA,YEA,YEA,YEA,YEA
Smucker,Republican,NAY,NAY,NAY,NAY,NAY,NAY,NAY,NAY,NAY,NOT_VOTING,YEA,NAY
Soto,Democratic,YEA,YEA,YEA,YEA,YEA,YEA,YEA,YEA,YEA,YEA,YEA,YEA
Spanberger,Democratic,YEA,YEA,YEA,YEA,YEA,YEA,YEA,YEA,YEA,YEA,YEA,YEA
Spartz,Republican,NAY,NAY,YEA,NAY,NAY,NAY,NAY,NAY,NAY,YEA,YEA,NAY
Speier,Democratic,YEA,YEA,YEA,YEA,YEA,YEA,YEA,YEA,YEA,YEA,YEA,YEA
Stansbury,Democratic,0,YEA,YEA,YEA,YEA,YEA,YEA,YEA,YEA,YEA,YEA,YEA
Stanton,Democratic,YEA,YEA,YEA,YEA,YEA,YEA,YEA,YEA,YEA,YEA,YEA,YEA
Stauber,Republican,NAY,NAY,YEA,NAY,NAY,NAY,NAY,NAY,NAY,YEA,NAY,NAY
Steel,Republican,NAY,NAY,NAY,NAY,NAY,NAY,NAY,NAY,NAY,YEA,YEA,NAY
Stefanik,Republican,NAY,NAY,YEA,NAY,NAY,NAY,NAY,NAY,NAY,YEA,YEA,YEA
Steil,Republican,NAY,NAY,NAY,NAY,NAY,NAY,NAY,NAY,NAY,YEA,YEA,YEA
Steube,Republican,NAY,NAY,NAY,NAY,NAY,NAY,NAY,NAY,NAY,YEA,NAY,NAY
Stevens,Democratic,YEA,YEA,YEA,YEA,YEA,YEA,YEA,YEA,YEA,YEA,YEA,YEA
Stewart,Republican,NAY,NAY,YEA,NAY,NAY,NAY,NAY,NAY,NAY,YEA,YEA,YEA
Stivers,Republican,NAY,0,0,0,0,0,0,0,0,0,0,0
Strickland,Democratic,YEA,YEA,YEA,YEA,YEA,YEA,YEA,YEA,YEA,YEA,YEA,YEA
Suozzi,Democratic,YEA,YEA,YEA,YEA,YEA,YEA,YEA,YEA,YEA,YEA,YEA,YEA
Swalwell,Democratic,YEA,YEA,YEA,YEA,YEA,YEA,YEA,YEA,YEA,YEA,YEA,YEA
Sánchez,Democratic,YEA,YEA,YEA,YEA,YEA,YEA,YEA,YEA,YEA,YEA,YEA,YEA
Takano,Democratic,YEA,YEA,YEA,YEA,YEA,YEA,YEA,YEA,YEA,YEA,NAY,YEA
Taylor,Republican,NAY,NAY,NAY,NAY,NAY,NAY,NAY,NAY,NAY,YEA,NAY,NAY
Tenney,Republican,NAY,NAY,YEA,NAY,NAY,NAY,NAY,NAY,NAY,YEA,YEA,NAY
Thompson (CA),Democratic,YEA,YEA,YEA,YEA,YEA,YEA,YEA,YEA,YEA,YEA,YEA,YEA
Thompson (MS),Democratic,YEA,YEA,YEA,YEA,YEA,YEA,YEA,YEA,YEA,YEA,YEA,YEA
Thompson (PA),Republican,NAY,NAY,YEA,NAY,NAY,NAY,NAY,NAY,NAY,YEA,YEA,NAY
Tiffany,Republican,NOT_VOTING,NAY,YEA,NAY,NAY,NAY,NAY,NAY,NAY,YEA,NAY,NAY
Timmons,Republican,NAY,NAY,NAY,NAY,NAY,NAY,NAY,NAY,NAY,YEA,YEA,NAY
Titus,Democratic,YEA,YEA,YEA,YEA,YEA,YEA,YEA,YEA,YEA,YEA,YEA,YEA
Tlaib,Democratic,YEA,YEA,YEA,YEA,NAY,YEA,YEA,YEA,YEA,YEA,NAY,YEA
Tonko,Democratic,YEA,YEA,YEA,YEA,YEA,YEA,YEA,YEA,YEA,YEA,YEA,YEA
Torres (CA),Democratic,YEA,YEA,YEA,YEA,YEA,YEA,YEA,YEA,YEA,YEA,YEA,YEA
Torres (NY),Democratic,YEA,YEA,YEA,YEA,YEA,YEA,YEA,YEA,YEA,YEA,YEA,YEA
Trahan,Democratic,YEA,YEA,YEA,YEA,YEA,YEA,YEA,YEA,YEA,YEA,YEA,YEA
Trone,Democratic,YEA,YEA,YEA,YEA,YEA,YEA,YEA,YEA,YEA,YEA,YEA,YEA
Turner,Republican,NAY,NAY,YEA,NAY,NAY,NAY,NAY,NAY,NAY,YEA,YEA,YEA
Underwood,Democratic,YEA,YEA,YEA,YEA,YEA,YEA,YEA,YEA,YEA,YEA,YEA,YEA
Upton,Republican,NAY,NAY,YEA,NAY,YEA,NAY,NAY,NAY,NAY,YEA,YEA,YEA
Valadao,Republican,NAY,NAY,YEA,NAY,NAY,NAY,NAY,NAY,NAY,YEA,YEA,YEA
Van Drew,Republican,NAY,NAY,YEA,NAY,YEA,NAY,NAY,NAY,NAY,YEA,NAY,YEA
Van Duyne,Republican,NAY,NAY,NAY,NAY,NAY,NAY,NAY,NAY,NAY,YEA,YEA,NAY
Vargas,Democratic,YEA,YEA,YEA,YEA,YEA,YEA,YEA,YEA,YEA,YEA,YEA,YEA
Veasey,Democratic,YEA,YEA,YEA,YEA,YEA,YEA,YEA,YEA,YEA,YEA,YEA,YEA
Vela,Democratic,YEA,0,YEA,0,YEA,YEA,0,YEA,0,0,0,0
Velázquez,Democratic,YEA,YEA,YEA,YEA,YEA,YEA,YEA,YEA,YEA,YEA,NOT_VOTING,YEA
Wagner,Republican,NAY,NAY,YEA,NAY,NAY,NAY,NAY,NAY,NAY,YEA,YEA,YEA
Walberg,Republican,NAY,NAY,YEA,NAY,NAY,NAY,NAY,NAY,NAY,YEA,YEA,NAY
Walorski,Republican,NAY,NAY,YEA,NAY,NAY,NAY,0,NAY,0,YEA,YEA,NAY
Waltz,Republican,NAY,NAY,YEA,NAY,NAY,NAY,NAY,NAY,NAY,YEA,YEA,YEA
Wasserman Schultz,Democratic,YEA,YEA,YEA,YEA,YEA,YEA,YEA,YEA,YEA,YEA,YEA,YEA
Waters,Democratic,YEA,YEA,YEA,YEA,YEA,YEA,YEA,YEA,YEA,YEA,YEA,YEA
Watson Coleman,Democratic,YEA,YEA,YEA,YEA,YEA,YEA,YEA,YEA,YEA,YEA,NAY,YEA
Weber (TX),Republican,NAY,NAY,NAY,NAY,NAY,NAY,NAY,NAY,NAY,YEA,YEA,NAY
Webster (FL),Republican,NAY,NAY,YEA,NAY,NAY,NAY,NAY,NOT_VOTING,NAY,YEA,YEA,NAY
Welch,Democratic,YEA,YEA,YEA,YEA,YEA,YEA,YEA,YEA,YEA,YEA,NAY,YEA
Wenstrup,Republican,NAY,NAY,NAY,NAY,NAY,NAY,NAY,NAY,NAY,YEA,YEA,NAY
Westerman,Republican,NAY,NAY,YEA,NAY,NAY,NAY,NAY,NAY,NAY,YEA,YEA,NAY
Wexton,Democratic,YEA,YEA,YEA,YEA,YEA,YEA,YEA,YEA,YEA,YEA,YEA,YEA
Wild,Democratic,YEA,YEA,YEA,YEA,YEA,YEA,YEA,YEA,YEA,YEA,YEA,YEA
Williams (GA),Democratic,YEA,YEA,YEA,YEA,YEA,YEA,YEA,YEA,YEA,YEA,NAY,YEA
Williams (TX),Republican,NAY,NAY,NAY,NAY,NAY,NAY,NAY,NOT_VOTING,NAY,YEA,NAY,NAY
Wilson (FL),Democratic,YEA,YEA,YEA,YEA,YEA,YEA,YEA,YEA,YEA,YEA,YEA,YEA
Wilson (SC),Republican,NAY,NAY,YEA,NAY,NAY,NAY,NAY,NAY,NAY,YEA,YEA,NAY
Wittman,Republican,NAY,NAY,YEA,NAY,NAY,NAY,NAY,NAY,NAY,YEA,YEA,NAY
Womack,Republican,NAY,NAY,YEA,NAY,NAY,NAY,NAY,NAY,NAY,YEA,YEA,NAY
Yarmuth,Democratic,YEA,YEA,YEA,YEA,YEA,YEA,YEA,YEA,YEA,YEA,NAY,YEA
Young,Republican,NAY,0,YEA,0,YEA,NAY,0,NAY,0,0,0,0
Zeldin,Republican,NAY,NAY,YEA,NOT_VOTING,NAY,NAY,NAY,NAY,NOT_VOTING,YEA,NAY,YEA
