,REPRESENTATIVE,PARTY,1319,1808,3076,3617,3684,3755,5376,5746,7780,7791,7900,8404
0,Adams,Democratic,YEA,YEA,YEA,YEA,YEA,YEA,YEA,YEA,YEA,YEA,YEA,YEA
1,Aguilar,Democratic,YEA,YEA,YEA,YEA,YEA,YEA,YEA,YEA,YEA,YEA,YEA,YEA
2,Allred,Democratic,YEA,YEA,YEA,YEA,YEA,YEA,YEA,YEA,YEA,YEA,YEA,YEA
3,Auchincloss,Democratic,YEA,YEA,YEA,YEA,YEA,YEA,YEA,YEA,YEA,YEA,YEA,YEA
4,Axne,Democratic,YEA,YEA,YEA,YEA,YEA,YEA,YEA,YEA,YEA,YEA,YEA,YEA
5,Barragán,Democratic,YEA,YEA,YEA,YEA,YEA,YEA,YEA,YEA,YEA,YEA,NAY,YEA
6,Bass,Democratic,YEA,YEA,YEA,YEA,YEA,YEA,YEA,YEA,YEA,YEA,YEA,YEA
7,Beatty,Democratic,YEA,YEA,YEA,YEA,YEA,YEA,YEA,YEA,YEA,YEA,YEA,YEA
8,Bera,Democratic,YEA,YEA,YEA,YEA,YEA,YEA,YEA,YEA,YEA,YEA,YEA,YEA
9,Beyer,Democratic,YEA,YEA,YEA,YEA,YEA,YEA,YEA,YEA,YEA,YEA,YEA,YEA
10,Bishop (GA),Democratic,YEA,YEA,YEA,YEA,YEA,YEA,YEA,YEA,YEA,YEA,YEA,YEA
11,Blumenauer,Democratic,YEA,YEA,YEA,YEA,YEA,YEA,YEA,YEA,YEA,YEA,NAY,YEA
12,Blunt Rochester,Democratic,YEA,YEA,YEA,YEA,YEA,YEA,YEA,YEA,YEA,YEA,YEA,YEA
13,Bonamici,Democratic,YEA,YEA,YEA,YEA,YEA,YEA,YEA,YEA,YEA,YEA,NAY,YEA
14,Bourdeaux,Democratic,YEA,YEA,YEA,YEA,YEA,YEA,YEA,YEA,YEA,YEA,YEA,YEA
15,Bowman,Democratic,YEA,YEA,YEA,YEA,NAY,YEA,YEA,YEA,YEA,YEA,NAY,YEA
16,"Boyle, Brendan F.",Democratic,YEA,YEA,YEA,YEA,YEA,YEA,YEA,YEA,YEA,YEA,YEA,YEA
20,Brownley,Democratic,YEA,YEA,YEA,YEA,YEA,YEA,YEA,YEA,YEA,YEA,YEA,YEA
21,Bush,Democratic,YEA,YEA,YEA,YEA,NAY,YEA,YEA,YEA,YEA,YEA,NAY,YEA
22,Bustos,Democratic,YEA,YEA,YEA,NOT_VOTING,YEA,YEA,YEA,YEA,YEA,YEA,YEA,YEA
23,Butterfield,Democratic,YEA,YEA,YEA,YEA,YEA,YEA,YEA,YEA,YEA,YEA,YEA,YEA
24,Carbajal,Democratic,YEA,YEA,YEA,YEA,YEA,YEA,YEA,YEA,YEA,YEA,YEA,YEA
25,Carson,Democratic,YEA,YEA,YEA,YEA,YEA,YEA,YEA,YEA,YEA,YEA,YEA,YEA
27,Cartwright,Democratic,YEA,YEA,YEA,YEA,YEA,YEA,YEA,NOT_VOTING,YEA,YEA,YEA,YEA
28,Case,Democratic,YEA,YEA,YEA,YEA,YEA,YEA,YEA,YEA,YEA,YEA,YEA,YEA
29,Casten,Democratic,YEA,YEA,YEA,YEA,YEA,YEA,YEA,YEA,YEA,YEA,YEA,YEA
30,Castor (FL),Democratic,YEA,YEA,YEA,YEA,YEA,YEA,YEA,YEA,YEA,YEA,YEA,YEA
31,Castro (TX),Democratic,YEA,YEA,YEA,YEA,YEA,YEA,YEA,YEA,YEA,YEA,YEA,YEA
33,Chu,Democratic,YEA,YEA,YEA,YEA,YEA,YEA,YEA,YEA,YEA,YEA,YEA,YEA
34,Cicilline,Democratic,YEA,YEA,YEA,YEA,YEA,YEA,YEA,YEA,YEA,YEA,YEA,YEA
35,Clark (MA),Democratic,YEA,YEA,YEA,YEA,YEA,YEA,YEA,YEA,YEA,YEA,YEA,YEA
36,Clarke (NY),Democratic,YEA,YEA,YEA,YEA,YEA,YEA,YEA,YEA,YEA,YEA,NAY,YEA
37,Cleaver,Democratic,YEA,YEA,YEA,YEA,YEA,YEA,YEA,YEA,YEA,YEA,YEA,YEA
38,Clyburn,Democratic,YEA,YEA,YEA,YEA,YEA,YEA,YEA,YEA,YEA,YEA,YEA,YEA
39,Cohen,Democratic,YEA,YEA,YEA,YEA,YEA,YEA,YEA,YEA,YEA,YEA,NAY,YEA
40,Connolly,Democratic,YEA,YEA,YEA,YEA,YEA,YEA,YEA,YEA,YEA,YEA,YEA,YEA
41,Cooper,Democratic,YEA,YEA,YEA,YEA,YEA,YEA,YEA,YEA,YEA,YEA,YEA,YEA
42,Correa,Democratic,YEA,YEA,YEA,YEA,YEA,YEA,YEA,YEA,YEA,YEA,YEA,YEA
43,Costa,Democratic,YEA,YEA,YEA,YEA,YEA,YEA,YEA,YEA,YEA,YEA,YEA,YEA
44,Courtney,Democratic,YEA,YEA,YEA,YEA,YEA,YEA,YEA,YEA,YEA,YEA,YEA,YEA
45,Craig,Democratic,YEA,YEA,YEA,YEA,YEA,YEA,YEA,YEA,YEA,YEA,YEA,YEA
47,Crow,Democratic,YEA,YEA,YEA,YEA,YEA,YEA,YEA,YEA,YEA,YEA,YEA,YEA
48,Cuellar,Democratic,YEA,NAY,YEA,NAY,YEA,NAY,YEA,YEA,YEA,YEA,YEA,YEA
49,Cárdenas,Democratic,YEA,YEA,YEA,YEA,YEA,YEA,YEA,YEA,YEA,YEA,YEA,YEA
50,Davids (KS),Democratic,YEA,YEA,YEA,YEA,YEA,YEA,YEA,YEA,YEA,YEA,YEA,YEA
51,"Davis, Danny K.",Democratic,YEA,YEA,YEA,YEA,YEA,YEA,YEA,YEA,YEA,YEA,YEA,YEA
52,DeFazio,Democratic,YEA,YEA,YEA,YEA,YEA,YEA,YEA,YEA,YEA,YEA,NAY,YEA
53,DeGette,Democratic,YEA,YEA,YEA,YEA,YEA,YEA,YEA,YEA,YEA,YEA,YEA,YEA
54,DeLauro,Democratic,YEA,YEA,YEA,YEA,YEA,YEA,YEA,YEA,YEA,YEA,YEA,YEA
55,DeSaulnier,Democratic,YEA,YEA,YEA,YEA,YEA,YEA,YEA,YEA,YEA,YEA,NAY,YEA
56,Dean,Democratic,YEA,YEA,YEA,YEA,YEA,YEA,YEA,YEA,YEA,YEA,YEA,YEA
57,DelBene,Democratic,YEA,YEA,YEA,YEA,YEA,YEA,YEA,YEA,YEA,YEA,YEA,YEA
59,Demings,Democratic,YEA,YEA,YEA,YEA,YEA,YEA,YEA,YEA,YEA,YEA,YEA,YEA
60,Deutch,Democratic,YEA,YEA,YEA,YEA,YEA,YEA,YEA,YEA,YEA,YEA,YEA,YEA
61,Dingell,Democratic,YEA,YEA,YEA,YEA,YEA,YEA,YEA,YEA,YEA,YEA,YEA,YEA
62,Doggett,Democratic,YEA,YEA,YEA,YEA,YEA,YEA,YEA,YEA,YEA,YEA,YEA,YEA
63,"Doyle, Michael F.",Democratic,YEA,YEA,YEA,YEA,YEA,YEA,YEA,YEA,YEA,YEA,NAY,YEA
64,Escobar,Democratic,YEA,YEA,YEA,YEA,YEA,YEA,YEA,YEA,YEA,YEA,YEA,YEA
65,Eshoo,Democratic,YEA,YEA,YEA,YEA,YEA,YEA,YEA,YEA,YEA,YEA,YEA,YEA
66,Espaillat,Democratic,YEA,YEA,YEA,YEA,YEA,YEA,YEA,YEA,YEA,YEA,NAY,YEA
67,Evans,Democratic,YEA,YEA,YEA,YEA,YEA,YEA,YEA,YEA,YEA,YEA,YEA,YEA
68,Fletcher,Democratic,YEA,YEA,YEA,YEA,YEA,YEA,YEA,YEA,YEA,YEA,YEA,YEA
69,Foster,Democratic,YEA,YEA,YEA,YEA,YEA,YEA,YEA,YEA,YEA,YEA,YEA,YEA
70,"Frankel, Lois",Democratic,YEA,YEA,YEA,YEA,YEA,YEA,YEA,YEA,YEA,YEA,YEA,YEA
72,Gallego,Democratic,YEA,YEA,YEA,YEA,YEA,YEA,YEA,YEA,YEA,YEA,YEA,YEA
73,Garamendi,Democratic,YEA,YEA,YEA,YEA,YEA,YEA,YEA,YEA,YEA,YEA,YEA,YEA
74,Garcia (TX),Democratic,YEA,YEA,YEA,YEA,YEA,YEA,YEA,YEA,YEA,YEA,YEA,YEA
75,García (IL),Democratic,YEA,YEA,YEA,YEA,YEA,YEA,YEA,YEA,YEA,YEA,NAY,YEA
76,Golden,Democratic,NAY,NAY,YEA,YEA,YEA,YEA,YEA,YEA,YEA,YEA,YEA,YEA
77,Gomez,Democratic,YEA,YEA,YEA,YEA,YEA,YEA,YEA,YEA,YEA,YEA,NAY,YEA
78,"Gonzalez, Vicente",Democratic,YEA,NAY,YEA,YEA,YEA,YEA,YEA,YEA,YEA,NOT_VOTING,YEA,YEA
79,Gottheimer,Democratic,YEA,YEA,YEA,YEA,YEA,YEA,YEA,YEA,YEA,YEA,YEA,YEA
80,"Green, Al (TX)",Democratic,YEA,YEA,YEA,YEA,YEA,YEA,YEA,YEA,YEA,YEA,YEA,YEA
81,Grijalva,Democratic,YEA,YEA,YEA,YEA,YEA,YEA,YEA,YEA,YEA,YEA,YEA,YEA
83,Harder (CA),Democratic,YEA,YEA,YEA,YEA,YEA,YEA,YEA,YEA,YEA,YEA,YEA,YEA
85,Hayes,Democratic,YEA,YEA,YEA,YEA,YEA,YEA,YEA,YEA,YEA,YEA,YEA,YEA
86,Higgins (NY),Democratic,YEA,YEA,YEA,YEA,YEA,YEA,YEA,YEA,YEA,YEA,YEA,YEA
87,Himes,Democratic,YEA,YEA,YEA,YEA,YEA,YEA,YEA,YEA,YEA,YEA,YEA,YEA
88,Horsford,Democratic,YEA,YEA,YEA,YEA,YEA,YEA,YEA,YEA,YEA,YEA,YEA,YEA
89,Houlahan,Democratic,YEA,YEA,YEA,YEA,YEA,YEA,YEA,YEA,YEA,YEA,YEA,YEA
90,Hoyer,Democratic,YEA,YEA,YEA,YEA,YEA,YEA,YEA,YEA,YEA,YEA,YEA,YEA
91,Huffman,Democratic,YEA,YEA,YEA,YEA,YEA,YEA,YEA,YEA,YEA,YEA,YEA,YEA
92,Jackson Lee,Democratic,YEA,YEA,YEA,YEA,YEA,YEA,YEA,YEA,YEA,YEA,YEA,YEA
93,Jacobs (CA),Democratic,YEA,YEA,YEA,YEA,YEA,YEA,YEA,YEA,YEA,YEA,YEA,YEA
94,Jayapal,Democratic,YEA,YEA,YEA,YEA,YEA,YEA,YEA,YEA,YEA,YEA,NAY,YEA
95,Jeffries,Democratic,YEA,YEA,YEA,YEA,YEA,YEA,YEA,YEA,YEA,YEA,YEA,YEA
96,Johnson (GA),Democratic,YEA,YEA,YEA,YEA,YEA,YEA,YEA,YEA,YEA,YEA,YEA,YEA
97,Johnson (TX),Democratic,YEA,YEA,YEA,YEA,YEA,YEA,YEA,YEA,YEA,YEA,YEA,YEA
98,Jones,Democratic,YEA,YEA,YEA,YEA,YEA,YEA,YEA,YEA,YEA,YEA,NAY,YEA
99,Kahele,Democratic,YEA,YEA,YEA,YEA,YEA,YEA,YEA,YEA,YEA,YEA,YEA,YEA
100,Kaptur,Democratic,YEA,YEA,YEA,YEA,YEA,YEA,YEA,YEA,YEA,YEA,YEA,YEA
101,Keating,Democratic,YEA,YEA,YEA,YEA,YEA,YEA,YEA,YEA,YEA,YEA,YEA,YEA
102,Kelly (IL),Democratic,YEA,YEA,YEA,YEA,YEA,YEA,YEA,YEA,YEA,YEA,YEA,YEA
103,Khanna,Democratic,YEA,YEA,YEA,YEA,YEA,YEA,YEA,YEA,YEA,YEA,NAY,YEA
104,Kildee,Democratic,YEA,YEA,YEA,YEA,YEA,YEA,YEA,YEA,YEA,YEA,YEA,YEA
105,Kilmer,Democratic,YEA,YEA,YEA,YEA,YEA,YEA,YEA,YEA,YEA,YEA,YEA,YEA
106,Kim (NJ),Democratic,YEA,YEA,YEA,YEA,YEA,YEA,YEA,YEA,YEA,YEA,YEA,YEA
107,Kind,Democratic,YEA,NAY,YEA,YEA,YEA,YEA,YEA,YEA,YEA,YEA,YEA,YEA
108,Kirkpatrick,Democratic,YEA,YEA,YEA,YEA,YEA,YEA,YEA,YEA,YEA,YEA,YEA,YEA
109,Krishnamoorthi,Democratic,YEA,YEA,YEA,YEA,YEA,YEA,YEA,YEA,YEA,YEA,YEA,YEA
110,Kuster,Democratic,YEA,YEA,YEA,YEA,YEA,YEA,YEA,YEA,YEA,YEA,YEA,YEA
111,Lamb,Democratic,YEA,YEA,YEA,YEA,YEA,YEA,YEA,YEA,YEA,YEA,YEA,YEA
112,Langevin,Democratic,YEA,YEA,YEA,YEA,YEA,YEA,YEA,YEA,YEA,YEA,YEA,YEA
113,Larsen (WA),Democratic,YEA,YEA,YEA,YEA,YEA,YEA,YEA,YEA,YEA,YEA,YEA,YEA
114,Larson (CT),Democratic,YEA,YEA,YEA,YEA,YEA,YEA,YEA,YEA,YEA,YEA,YEA,YEA
115,Lawrence,Democratic,YEA,YEA,YEA,YEA,YEA,YEA,YEA,YEA,YEA,YEA,YEA,YEA
116,Lawson (FL),Democratic,YEA,YEA,YEA,YEA,YEA,NOT_VOTING,YEA,YEA,YEA,YEA,YEA,YEA
117,Lee (CA),Democratic,YEA,YEA,YEA,YEA,YEA,YEA,YEA,YEA,YEA,YEA,NAY,YEA
118,Lee (NV),Democratic,YEA,YEA,YEA,YEA,YEA,YEA,YEA,YEA,YEA,YEA,YEA,YEA
119,Leger Fernandez,Democratic,YEA,YEA,YEA,YEA,YEA,YEA,YEA,YEA,YEA,YEA,YEA,YEA
120,Levin (CA),Democratic,YEA,YEA,YEA,YEA,YEA,YEA,YEA,YEA,YEA,YEA,YEA,YEA
121,Levin (MI),Democratic,YEA,YEA,YEA,YEA,YEA,YEA,YEA,YEA,YEA,YEA,NAY,YEA
122,Lieu,Democratic,YEA,YEA,YEA,YEA,YEA,YEA,YEA,YEA,YEA,YEA,YEA,YEA
123,Lofgren,Democratic,YEA,YEA,YEA,YEA,YEA,YEA,YEA,YEA,YEA,YEA,YEA,YEA
124,Lowenthal,Democratic,YEA,YEA,YEA,YEA,YEA,YEA,YEA,YEA,YEA,YEA,NAY,YEA
125,Luria,Democratic,YEA,YEA,YEA,YEA,YEA,YEA,YEA,YEA,YEA,YEA,YEA,YEA
126,Lynch,Democratic,YEA,YEA,YEA,YEA,YEA,YEA,YEA,YEA,YEA,YEA,YEA,YEA
127,Malinowski,Democratic,YEA,YEA,YEA,YEA,YEA,YEA,YEA,YEA,YEA,YEA,YEA,YEA
128,"Maloney, Carolyn B.",Democratic,YEA,YEA,YEA,YEA,YEA,YEA,YEA,YEA,YEA,YEA,NAY,YEA
129,"Maloney, Sean",Democratic,YEA,YEA,YEA,YEA,YEA,YEA,YEA,YEA,YEA,YEA,YEA,YEA
130,Manning,Democratic,YEA,YEA,YEA,YEA,YEA,YEA,YEA,YEA,YEA,YEA,YEA,YEA
131,Matsui,Democratic,YEA,YEA,YEA,YEA,YEA,YEA,YEA,YEA,YEA,YEA,YEA,YEA
132,McBath,Democratic,YEA,YEA,YEA,YEA,YEA,YEA,YEA,YEA,YEA,YEA,YEA,YEA
133,McCollum,Democratic,YEA,YEA,YEA,YEA,YEA,YEA,YEA,YEA,YEA,YEA,YEA,YEA
134,McEachin,Democratic,YEA,YEA,YEA,YEA,YEA,YEA,YEA,YEA,YEA,YEA,YEA,YEA
135,McGovern,Democratic,YEA,YEA,YEA,YEA,YEA,YEA,YEA,YEA,YEA,YEA,NAY,YEA
136,McNerney,Democratic,YEA,YEA,YEA,YEA,YEA,YEA,YEA,YEA,NOT_VOTING,YEA,YEA,YEA
137,Meeks,Democratic,YEA,YEA,YEA,YEA,YEA,YEA,YEA,YEA,YEA,YEA,YEA,YEA
138,Meng,Democratic,YEA,YEA,YEA,YEA,YEA,YEA,YEA,YEA,YEA,YEA,YEA,YEA
139,Mfume,Democratic,YEA,YEA,YEA,YEA,YEA,YEA,YEA,YEA,YEA,YEA,YEA,YEA
140,Moore (WI),Democratic,YEA,YEA,YEA,YEA,YEA,YEA,YEA,YEA,YEA,YEA,NAY,YEA
141,Morelle,Democratic,YEA,YEA,YEA,YEA,YEA,YEA,YEA,YEA,YEA,YEA,YEA,YEA
142,Moulton,Democratic,YEA,YEA,YEA,YEA,YEA,YEA,YEA,YEA,YEA,YEA,YEA,YEA
143,Mrvan,Democratic,YEA,YEA,YEA,YEA,YEA,YEA,YEA,YEA,YEA,YEA,YEA,YEA
144,Murphy (FL),Democratic,YEA,YEA,YEA,YEA,YEA,YEA,YEA,YEA,YEA,YEA,YEA,YEA
145,Nadler,Democratic,YEA,YEA,YEA,YEA,YEA,YEA,YEA,YEA,YEA,YEA,NAY,YEA
146,Napolitano,Democratic,YEA,YEA,YEA,YEA,YEA,YEA,YEA,YEA,YEA,YEA,YEA,YEA
147,Neal,Democratic,YEA,YEA,YEA,YEA,YEA,YEA,YEA,YEA,YEA,YEA,YEA,YEA
148,Neguse,Democratic,YEA,YEA,YEA,YEA,YEA,YEA,YEA,YEA,YEA,YEA,YEA,YEA
149,Newman,Democratic,YEA,YEA,YEA,YEA,YEA,YEA,YEA,YEA,YEA,YEA,NAY,YEA
150,Norcross,Democratic,YEA,YEA,YEA,YEA,YEA,YEA,YEA,YEA,YEA,YEA,YEA,YEA
151,O'Halleran,Democratic,YEA,YEA,YEA,YEA,YEA,YEA,YEA,YEA,YEA,YEA,YEA,YEA
152,Ocasio-Cortez,Democratic,YEA,YEA,YEA,YEA,NAY,YEA,YEA,YEA,YEA,YEA,NAY,YEA
153,Omar,Democratic,YEA,YEA,YEA,YEA,NAY,YEA,YEA,YEA,YEA,YEA,NAY,YEA
154,Pallone,Democratic,YEA,YEA,YEA,YEA,YEA,YEA,YEA,YEA,YEA,YEA,NAY,YEA
155,Panetta,Democratic,YEA,YEA,YEA,YEA,YEA,YEA,YEA,YEA,YEA,YEA,YEA,YEA
156,Pappas,Democratic,YEA,YEA,YEA,NAY,YEA,YEA,YEA,YEA,YEA,YEA,YEA,YEA
157,Pascrell,Democratic,YEA,YEA,YEA,YEA,YEA,YEA,YEA,YEA,YEA,YEA,YEA,YEA
158,Payne,Democratic,YEA,YEA,YEA,YEA,YEA,YEA,YEA,YEA,YEA,YEA,YEA,YEA
161,Perlmutter,Democratic,YEA,YEA,YEA,YEA,YEA,YEA,YEA,YEA,YEA,YEA,YEA,YEA
162,Peters,Democratic,YEA,YEA,YEA,YEA,YEA,YEA,YEA,YEA,YEA,YEA,YEA,YEA
163,Phillips,Democratic,YEA,YEA,YEA,YEA,YEA,YEA,YEA,YEA,YEA,YEA,YEA,YEA
164,Pingree,Democratic,YEA,YEA,YEA,YEA,YEA,YEA,YEA,YEA,YEA,YEA,YEA,YEA
165,Pocan,Democratic,YEA,YEA,YEA,YEA,YEA,YEA,YEA,YEA,YEA,YEA,NAY,YEA
166,Porter,Democratic,YEA,YEA,YEA,YEA,YEA,YEA,YEA,YEA,YEA,YEA,NAY,YEA
167,Pressley,Democratic,YEA,YEA,YEA,YEA,NAY,YEA,YEA,YEA,YEA,YEA,NAY,YEA
168,Price (NC),Democratic,YEA,YEA,YEA,YEA,YEA,YEA,YEA,YEA,YEA,YEA,YEA,YEA
169,Quigley,Democratic,YEA,YEA,YEA,YEA,YEA,YEA,YEA,YEA,YEA,YEA,YEA,YEA
170,Raskin,Democratic,YEA,YEA,YEA,YEA,YEA,YEA,YEA,YEA,YEA,YEA,NAY,YEA
171,Rice (NY),Democratic,YEA,YEA,YEA,YEA,YEA,YEA,YEA,YEA,YEA,YEA,YEA,YEA
172,Ross,Democratic,YEA,YEA,YEA,YEA,YEA,YEA,YEA,YEA,YEA,YEA,YEA,YEA
173,Roybal-Allard,Democratic,YEA,YEA,YEA,YEA,YEA,YEA,YEA,YEA,YEA,YEA,YEA,YEA
174,Ruiz,Democratic,YEA,YEA,YEA,YEA,YEA,YEA,YEA,YEA,YEA,YEA,YEA,YEA
175,Ruppersberger,Democratic,YEA,YEA,YEA,YEA,YEA,YEA,YEA,YEA,YEA,YEA,YEA,YEA
176,Rush,Democratic,YEA,YEA,YEA,YEA,YEA,YEA,YEA,YEA,YEA,YEA,YEA,YEA
180,Sarbanes,Democratic,YEA,YEA,YEA,YEA,YEA,YEA,YEA,YEA,YEA,YEA,YEA,YEA
181,Scanlon,Democratic,YEA,YEA,YEA,YEA,YEA,YEA,YEA,YEA,YEA,YEA,YEA,YEA
182,Schakowsky,Democratic,YEA,YEA,YEA,YEA,YEA,YEA,YEA,YEA,YEA,YEA,NAY,YEA
183,Schiff,Democratic,YEA,YEA,YEA,YEA,YEA,YEA,YEA,YEA,YEA,YEA,YEA,YEA
184,Schneider,Democratic,YEA,YEA,YEA,YEA,YEA,YEA,YEA,YEA,YEA,YEA,YEA,YEA
185,Schrader,Democratic,YEA,NAY,YEA,YEA,YEA,YEA,YEA,YEA,YEA,YEA,NAY,YEA
186,Schrier,Democratic,YEA,YEA,YEA,YEA,YEA,YEA,YEA,YEA,YEA,YEA,YEA,YEA
187,Scott (VA),Democratic,YEA,YEA,YEA,YEA,YEA,YEA,YEA,YEA,YEA,YEA,YEA,YEA
188,"Scott, David",Democratic,YEA,YEA,YEA,YEA,YEA,YEA,YEA,YEA,YEA,YEA,YEA,YEA
189,Sewell,Democratic,YEA,YEA,YEA,YEA,YEA,YEA,YEA,YEA,YEA,YEA,YEA,YEA
190,Sherman,Democratic,YEA,YEA,YEA,YEA,YEA,YEA,YEA,YEA,YEA,YEA,YEA,YEA
191,Sherrill,Democratic,YEA,YEA,YEA,YEA,YEA,YEA,YEA,YEA,YEA,YEA,YEA,YEA
192,Sires,Democratic,YEA,YEA,YEA,YEA,YEA,YEA,YEA,YEA,YEA,YEA,YEA,YEA
193,Slotkin,Democratic,YEA,YEA,YEA,YEA,YEA,YEA,YEA,YEA,YEA,YEA,YEA,YEA
194,Smith (WA),Democratic,YEA,YEA,YEA,YEA,YEA,YEA,YEA,YEA,YEA,YEA,YEA,YEA
195,Soto,Democratic,YEA,YEA,YEA,YEA,YEA,YEA,YEA,YEA,YEA,YEA,YEA,YEA
196,Spanberger,Democratic,YEA,YEA,YEA,YEA,YEA,YEA,YEA,YEA,YEA,YEA,YEA,YEA
197,Speier,Democratic,YEA,YEA,YEA,YEA,YEA,YEA,YEA,YEA,YEA,YEA,YEA,YEA
199,Stanton,Democratic,YEA,YEA,YEA,YEA,YEA,YEA,YEA,YEA,YEA,YEA,YEA,YEA
200,Stevens,Democratic,YEA,YEA,YEA,YEA,YEA,YEA,YEA,YEA,YEA,YEA,YEA,YEA
201,Strickland,Democratic,YEA,YEA,YEA,YEA,YEA,YEA,YEA,YEA,YEA,YEA,YEA,YEA
202,Suozzi,Democratic,YEA,YEA,YEA,YEA,YEA,YEA,YEA,YEA,YEA,YEA,YEA,YEA
203,Swalwell,Democratic,YEA,YEA,YEA,YEA,YEA,YEA,YEA,YEA,YEA,YEA,YEA,YEA
204,Sánchez,Democratic,YEA,YEA,YEA,YEA,YEA,YEA,YEA,YEA,YEA,YEA,YEA,YEA
205,Takano,Democratic,YEA,YEA,YEA,YEA,YEA,YEA,YEA,YEA,YEA,YEA,NAY,YEA
206,Thompson (CA),Democratic,YEA,YEA,YEA,YEA,YEA,YEA,YEA,YEA,YEA,YEA,YEA,YEA
207,Thompson (MS),Democratic,YEA,YEA,YEA,YEA,YEA,YEA,YEA,YEA,YEA,YEA,YEA,YEA
208,Titus,Democratic,YEA,YEA,YEA,YEA,YEA,YEA,YEA,YEA,YEA,YEA,YEA,YEA
209,Tlaib,Democratic,YEA,YEA,YEA,YEA,NAY,YEA,YEA,YEA,YEA,YEA,NAY,YEA
210,Tonko,Democratic,YEA,YEA,YEA,YEA,YEA,YEA,YEA,YEA,YEA,YEA,YEA,YEA
211,Torres (CA),Democratic,YEA,YEA,YEA,YEA,YEA,YEA,YEA,YEA,YEA,YEA,YEA,YEA
212,Torres (NY),Democratic,YEA,YEA,YEA,YEA,YEA,YEA,YEA,YEA,YEA,YEA,YEA,YEA
213,Trahan,Democratic,YEA,YEA,YEA,YEA,YEA,YEA,YEA,YEA,YEA,YEA,YEA,YEA
214,Trone,Democratic,YEA,YEA,YEA,YEA,YEA,YEA,YEA,YEA,YEA,YEA,YEA,YEA
215,Underwood,Democratic,YEA,YEA,YEA,YEA,YEA,YEA,YEA,YEA,YEA,YEA,YEA,YEA
216,Vargas,Democratic,YEA,YEA,YEA,YEA,YEA,YEA,YEA,YEA,YEA,YEA,YEA,YEA
217,Veasey,Democratic,YEA,YEA,YEA,YEA,YEA,YEA,YEA,YEA,YEA,YEA,YEA,YEA
219,Velázquez,Democratic,YEA,YEA,YEA,YEA,YEA,YEA,YEA,YEA,YEA,YEA,NOT_VOTING,YEA
220,Wasserman Schultz,Democratic,YEA,YEA,YEA,YEA,YEA,YEA,YEA,YEA,YEA,YEA,YEA,YEA
221,Waters,Democratic,YEA,YEA,YEA,YEA,YEA,YEA,YEA,YEA,YEA,YEA,YEA,YEA
222,Watson Coleman,Democratic,YEA,YEA,YEA,YEA,YEA,YEA,YEA,YEA,YEA,YEA,NAY,YEA
223,Welch,Democratic,YEA,YEA,YEA,YEA,YEA,YEA,YEA,YEA,YEA,YEA,NAY,YEA
224,Wexton,Democratic,YEA,YEA,YEA,YEA,YEA,YEA,YEA,YEA,YEA,YEA,YEA,YEA
225,Wild,Democratic,YEA,YEA,YEA,YEA,YEA,YEA,YEA,YEA,YEA,YEA,YEA,YEA
226,Williams (GA),Democratic,YEA,YEA,YEA,YEA,YEA,YEA,YEA,YEA,YEA,YEA,NAY,YEA
227,Wilson (FL),Democratic,YEA,YEA,YEA,YEA,YEA,YEA,YEA,YEA,YEA,YEA,YEA,YEA
228,Yarmuth,Democratic,YEA,YEA,YEA,YEA,YEA,YEA,YEA,YEA,YEA,YEA,NAY,YEA
229,Aderholt,Republican,NAY,NAY,YEA,NAY,NAY,NAY,NAY,NAY,NAY,YEA,YEA,NAY
230,Allen,Republican,NAY,NAY,NAY,NAY,NAY,NAY,NAY,NAY,NAY,YEA,YEA,NAY
231,Amodei,Republican,NAY,NAY,YEA,NAY,NAY,NAY,NAY,NAY,NAY,YEA,YEA,NAY
232,Armstrong,Republican,NAY,NAY,YEA,NAY,NAY,NAY,NAY,NAY,NAY,YEA,YEA,YEA
233,Arrington,Republican,NAY,NAY,NAY,NAY,NAY,NAY,NAY,NAY,NAY,NOT_VOTING,YEA,NAY
234,Babin,Republican,NAY,NAY,NAY,NAY,NAY,NAY,NAY,NAY,NAY,YEA,YEA,NOT_VOTING
235,Bacon,Republican,NAY,NAY,YEA,NAY,YEA,NAY,NAY,NAY,NAY,YEA,YEA,YEA
236,Baird,Republican,NAY,NAY,NAY,NAY,NAY,NAY,NAY,NAY,NAY,YEA,YEA,NAY
237,Balderson,Republican,NAY,NAY,YEA,NAY,NAY,NAY,NAY,NAY,NAY,YEA,YEA,NAY
238,Banks,Republican,NAY,NAY,NAY,NAY,NAY,NAY,NAY,NAY,NAY,YEA,YEA,NAY
239,Barr,Republican,NAY,NAY,YEA,NAY,NAY,NAY,NAY,NAY,NAY,YEA,YEA,NAY
240,Bentz,Republican,NAY,NAY,YEA,NAY,NAY,NAY,NAY,NAY,NAY,YEA,YEA,YEA
241,Bergman,Republican,NAY,NAY,YEA,NAY,NAY,NAY,NAY,NAY,NAY,YEA,YEA,NAY
242,Bice (OK),Republican,NAY,NAY,YEA,NAY,NAY,NAY,NAY,NAY,NAY,YEA,YEA,NAY
243,Biggs,Republican,NAY,NAY,NAY,NAY,NAY,NAY,NAY,NAY,NAY,NAY,NAY,NAY
244,Bilirakis,Republican,NAY,NAY,YEA,NAY,NAY,NAY,NAY,NAY,NAY,YEA,NAY,NAY
245,Bishop (NC),Republican,NAY,NAY,NAY,NAY,NAY,NAY,NAY,NAY,NAY,YEA,NAY,NAY
246,Boebert,Republican,NAY,NAY,NAY,NAY,NAY,NAY,NAY,NAY,NAY,NAY,NAY,NAY
247,Bost,Republican,NAY,NAY,YEA,NAY,NAY,NAY,NAY,NAY,NAY,YEA,YEA,NAY
248,Brady,Republican,NAY,NAY,NAY,NAY,NAY,NAY,NAY,NAY,NAY,YEA,YEA,NAY
249,Brooks,Republican,NAY,NAY,NAY,NAY,NAY,NAY,NAY,NAY,NAY,YEA,NAY,NAY
250,Buchanan,Republican,NAY,NAY,NAY,NAY,NAY,NAY,NAY,NAY,NAY,YEA,YEA,NAY
251,Buck,Republican,NAY,NAY,NAY,NAY,NAY,NAY,NAY,NAY,NAY,YEA,NAY,NAY
252,Bucshon,Republican,NAY,NAY,YEA,NAY,NAY,NAY,NAY,NAY,NAY,YEA,YEA,NAY
253,Budd,Republican,NAY,NAY,YEA,NOT_VOTING,NAY,NAY,NAY,NAY,NAY,YEA,YEA,NAY
254,Burchett,Republican,NAY,NAY,NAY,NAY,NAY,NAY,NAY,NAY,NAY,YEA,NAY,NOT_VOTING
255,Burgess,Republican,NAY,NAY,YEA,NAY,NAY,NAY,NAY,NAY,NAY,YEA,YEA,NAY
256,Calvert,Republican,NAY,NAY,YEA,NAY,NAY,NAY,NAY,NAY,NAY,YEA,YEA,YEA
257,Cammack,Republican,NAY,NAY,NAY,NAY,NAY,NAY,NAY,NAY,NAY,YEA,YEA,YEA
259,Carl,Republican,NAY,NAY,NAY,NAY,NAY,NAY,NOT_VOTING,NAY,NAY,YEA,YEA,NAY
260,Carter (GA),Republican,NAY,NAY,NAY,NAY,NAY,NAY,NAY,NAY,NAY,YEA,YEA,NAY
261,Carter (TX),Republican,NAY,NAY,YEA,NAY,NAY,NAY,NAY,NAY,NAY,YEA,YEA,NAY
262,Cawthorn,Republican,NAY,NAY,YEA,NAY,NAY,NAY,NAY,NAY,NAY,YEA,NAY,NAY
263,Chabot,Republican,NAY,NAY,YEA,NAY,NAY,NAY,NAY,NAY,NAY,YEA,YEA,NAY
264,Cheney,Republican,NAY,NAY,YEA,NOT_VOTING,NAY,NOT_VOTING,NAY,NAY,NOT_VOTING,YEA,YEA,YEA
265,Cline,Republican,NAY,NAY,NAY,NAY,NAY,NAY,NAY,NOT_VOTING,NAY,YEA,NAY,NAY
266,Cloud,Republican,NAY,NAY,NAY,NAY,NAY,NAY,NAY,NAY,NAY,YEA,NAY,NAY
267,Clyde,Republican,NAY,NAY,YEA,NAY,NAY,NAY,NAY,NAY,NAY,YEA,NAY,NAY
268,Cole,Republican,NAY,NAY,YEA,NAY,NAY,NAY,NAY,NAY,NAY,YEA,YEA,NAY
269,Comer,Republican,NAY,NAY,YEA,NAY,NAY,NAY,NAY,NAY,NAY,YEA,NAY,NAY
271,Crawford,Republican,NAY,NAY,NAY,NAY,NAY,NAY,NAY,NAY,NAY,YEA,YEA,NAY
272,Crenshaw,Republican,NAY,NAY,NAY,NAY,NAY,NAY,NAY,NAY,NAY,YEA,YEA,NAY
273,Curtis,Republican,NAY,NAY,YEA,NAY,NAY,NAY,NAY,NAY,NAY,YEA,YEA,YEA
274,Davidson,Republican,NAY,NAY,NAY,NAY,NAY,NAY,NAY,NAY,NAY,YEA,NAY,NAY
275,"Davis, Rodney",Republican,NAY,NAY,YEA,NAY,NAY,NAY,NAY,NAY,NAY,YEA,YEA,YEA
276,DesJarlais,Republican,NAY,NAY,NAY,NAY,NAY,NAY,NAY,NAY,NAY,YEA,YEA,NAY
277,Diaz-Balart,Republican,NAY,NAY,YEA,NAY,NAY,NAY,NAY,NAY,NAY,YEA,YEA,YEA
278,Donalds,Republican,NAY,NAY,NAY,NAY,NAY,NAY,NAY,NAY,NAY,YEA,NAY,NAY
279,Duncan,Republican,NAY,NAY,NAY,NAY,NAY,NAY,NAY,NAY,NAY,YEA,NAY,NAY
280,Dunn,Republican,NAY,NAY,YEA,NAY,NAY,NAY,NAY,NAY,NAY,YEA,YEA,NAY
282,Emmer,Republican,NAY,NAY,YEA,NAY,NAY,NAY,NAY,NAY,NAY,YEA,YEA,YEA
283,Estes,Republican,NAY,NAY,NAY,NAY,NAY,NAY,NAY,NAY,NAY,YEA,YEA,NAY
284,Fallon,Republican,NAY,NAY,NAY,NAY,NAY,NAY,NAY,NAY,NAY,YEA,YEA,NAY
285,Feenstra,Republican,NAY,NAY,YEA,NAY,NAY,NAY,NAY,NAY,NAY,YEA,YEA,NAY
286,Ferguson,Republican,NAY,NAY,NAY,NAY,NAY,NAY,NAY,NAY,NAY,YEA,YEA,NAY
288,Fischbach,Republican,NAY,NAY,YEA,NAY,NAY,NAY,NAY,NAY,NAY,YEA,NAY,NAY
289,Fitzgerald,Republican,NAY,NAY,YEA,NAY,NAY,NAY,NAY,NAY,NAY,YEA,YEA,NAY
290,Fitzpatrick,Republican,NAY,YEA,YEA,NAY,YEA,NAY,NAY,NAY,YEA,YEA,YEA,YEA
291,Fleischmann,Republican,NAY,NAY,NAY,NAY,NAY,NAY,NAY,NAY,NAY,YEA,YEA,NAY
295,Foxx,Republican,NAY,NAY,YEA,NAY,NAY,NAY,NAY,NAY,NAY,NOT_VOTING,YEA,NAY
296,"Franklin, C. Scott",Republican,NAY,NAY,NAY,NAY,NAY,NAY,NAY,NAY,NAY,YEA,YEA,NAY
297,Fulcher,Republican,NAY,NAY,NAY,NAY,NAY,NAY,NAY,NAY,NAY,YEA,NAY,NAY
298,Gaetz,Republican,NAY,NAY,NAY,YEA,NAY,NAY,NAY,NAY,NAY,NAY,YEA,NAY
299,Gallagher,Republican,NAY,NAY,YEA,NAY,NAY,NAY,NOT_VOTING,NAY,NAY,YEA,YEA,NAY
300,Garbarino,Republican,NAY,NAY,YEA,NAY,YEA,NAY,NAY,NAY,NAY,YEA,YEA,YEA
301,Garcia (CA),Republican,NAY,NAY,YEA,NAY,NAY,NAY,NAY,NAY,NAY,YEA,NAY,YEA
302,Gibbs,Republican,NAY,NAY,YEA,NAY,NAY,NAY,NAY,NAY,NAY,YEA,YEA,NAY
303,Gimenez,Republican,NAY,NAY,YEA,NAY,NAY,NAY,NAY,NAY,NAY,YEA,YEA,YEA
304,Gohmert,Republican,NAY,NAY,NAY,NAY,NAY,NAY,NAY,NAY,NAY,NAY,NAY,NAY
305,"Gonzales, Tony",Republican,NAY,NAY,YEA,NAY,NAY,NAY,NAY,NAY,NAY,YEA,YEA,YEA
306,Gonzalez (OH),Republican,NAY,NOT_VOTING,YEA,NAY,YEA,NAY,NAY,NAY,NAY,YEA,YEA,YEA
307,Good (VA),Republican,NAY,NAY,NAY,NAY,NAY,NAY,NAY,NAY,NAY,YEA,NAY,NAY
308,Gooden (TX),Republican,NAY,NAY,NAY,NAY,NAY,NAY,NAY,NAY,NAY,YEA,NAY,NAY
309,Gosar,Republican,NAY,NAY,NAY,NAY,NAY,NAY,NAY,NAY,NAY,NAY,NAY,NAY
310,Granger,Republican,NAY,NAY,YEA,NAY,NAY,NAY,NAY,NAY,NAY,YEA,YEA,NAY
311,Graves (LA),Republican,NAY,NAY,YEA,NAY,NAY,NAY,NAY,NAY,NAY,YEA,YEA,NAY
312,Graves (MO),Republican,NAY,NAY,YEA,NAY,NAY,NAY,NAY,NAY,NAY,YEA,YEA,NAY
313,Green (TN),Republican,NAY,NAY,NAY,NAY,NAY,NAY,NAY,NOT_VOTING,NAY,YEA,YEA,NAY
314,Greene (GA),Republican,NAY,NAY,NAY,NAY,NAY,NAY,NAY,NAY,NAY,NAY,NAY,NAY
315,Griffith,Republican,NAY,NAY,YEA,NAY,NAY,NAY,NAY,NAY,NAY,YEA,NAY,NAY
316,Grothman,Republican,NAY,NAY,YEA,NAY,NAY,NAY,NAY,NAY,NAY,YEA,YEA,NAY
317,Guest,Republican,NAY,NAY,YEA,NAY,NAY,NAY,NAY,NAY,NAY,YEA,NAY,NAY
318,Guthrie,Republican,NAY,NAY,YEA,NAY,NAY,NAY,NAY,NAY,NAY,YEA,YEA,NAY
320,Harris,Republican,NAY,NAY,NAY,NAY,NAY,NAY,NAY,NAY,NAY,YEA,NAY,NAY
321,Harshbarger,Republican,NAY,NAY,YEA,NAY,NAY,NAY,NAY,NAY,NAY,YEA,YEA,NAY
322,Hartzler,Republican,NAY,NAY,YEA,NAY,NAY,NAY,NAY,NAY,NAY,YEA,NAY,NOT_VOTING
323,Hern,Republican,NAY,NAY,NAY,NAY,NAY,NAY,NAY,NAY,NAY,YEA,NAY,NAY
324,Herrell,Republican,NAY,NAY,YEA,NAY,NAY,NAY,NAY,NAY,NAY,YEA,YEA,NAY
325,Herrera Beutler,Republican,NAY,NAY,YEA,NAY,NAY,NAY,NAY,NAY,NAY,YEA,YEA,NAY
326,Hice (GA),Republican,NAY,NAY,NAY,NAY,NAY,NAY,NAY,NAY,NAY,YEA,NAY,NAY
327,Higgins (LA),Republican,NAY,NAY,NAY,NAY,NAY,NAY,NAY,NOT_VOTING,NAY,NAY,NAY,NAY
328,Hill,Republican,NAY,NAY,YEA,NAY,NAY,NAY,NAY,NAY,NAY,YEA,YEA,NAY
329,Hinson,Republican,NAY,NAY,YEA,NAY,NAY,NAY,NAY,NAY,NAY,YEA,YEA,YEA
330,Hollingsworth,Republican,NAY,NAY,NAY,NAY,NAY,NAY,NAY,NAY,NOT_VOTING,YEA,YEA,NOT_VOTING
331,Hudson,Republican,NAY,NAY,YEA,NAY,NAY,NAY,NAY,NAY,NAY,YEA,YEA,NAY
332,Huizenga,Republican,NAY,NAY,NAY,NAY,NAY,NAY,NAY,NAY,NAY,YEA,NAY,NAY
333,Issa,Republican,NAY,NAY,NAY,NAY,NAY,NAY,NAY,NAY,NAY,YEA,YEA,YEA
334,Jackson,Republican,NAY,NAY,NAY,NAY,NAY,NAY,NAY,NAY,NAY,YEA,YEA,NAY
335,Jacobs (NY),Republican,NAY,YEA,YEA,NAY,NAY,NAY,NAY,NAY,NAY,YEA,YEA,YEA
336,Johnson (LA),Republican,NAY,NAY,NAY,NOT_VOTING,NAY,NAY,NAY,NAY,NAY,YEA,YEA,NAY
337,Johnson (OH),Republican,NAY,NAY,YEA,NAY,NAY,NAY,NAY,NAY,NAY,YEA,YEA,NAY
338,Johnson (SD),Republican,NAY,NAY,YEA,NAY,NAY,NAY,NAY,NAY,NAY,YEA,YEA,NAY
339,Jordan,Republican,NAY,NAY,NAY,NAY,NAY,NAY,NAY,NAY,NAY,YEA,NAY,NAY
340,Joyce (OH),Republican,NAY,NAY,YEA,NAY,NAY,NAY,NAY,NAY,NAY,YEA,YEA,YEA
341,Joyce (PA),Republican,NAY,NAY,YEA,NAY,NAY,NAY,NAY,NAY,NAY,YEA,YEA,NAY
342,Katko,Republican,NAY,NAY,YEA,NAY,YEA,NAY,NAY,NAY,NAY,YEA,YEA,YEA
343,Keller,Republican,NAY,NAY,YEA,NAY,NAY,NAY,NAY,NAY,NAY,YEA,YEA,NAY
344,Kelly (MS),Republican,NAY,NAY,NAY,NAY,NAY,NAY,NAY,NAY,NAY,YEA,YEA,NAY
345,Kelly (PA),Republican,NAY,NAY,YEA,NAY,NAY,NAY,NAY,NAY,NAY,YEA,YEA,NAY
346,Kim (CA),Republican,NAY,NAY,YEA,NAY,NAY,NAY,NAY,NAY,NAY,YEA,YEA,NAY
347,Kinzinger,Republican,NAY,NAY,YEA,NAY,YEA,NAY,NAY,NAY,NAY,YEA,YEA,YEA
348,Kustoff,Republican,NAY,NAY,NAY,NAY,NAY,NAY,NAY,NAY,NAY,YEA,YEA,NAY
349,LaHood,Republican,NAY,NAY,NAY,NAY,NAY,NAY,NAY,NAY,NAY,YEA,NAY,NAY
350,LaMalfa,Republican,NAY,NAY,YEA,NAY,NAY,NAY,NAY,NAY,NOT_VOTING,YEA,NAY,NAY
351,LaTurner,Republican,NAY,NAY,YEA,NAY,NAY,NAY,NAY,NAY,NAY,YEA,YEA,NAY
352,Lamborn,Republican,NAY,NAY,NAY,NAY,NAY,NAY,NAY,NAY,NAY,YEA,YEA,NAY
353,Latta,Republican,NAY,NAY,YEA,NAY,NAY,NAY,NAY,NAY,NAY,YEA,YEA,NAY
354,Lesko,Republican,NAY,NAY,NAY,NAY,NAY,NOT_VOTING,NAY,NAY,NAY,YEA,NAY,NAY
356,Long,Republican,NAY,NAY,NAY,NAY,NAY,NAY,NAY,NAY,NAY,YEA,YEA,NAY
357,Loudermilk,Republican,NAY,NAY,NAY,NAY,NAY,NAY,NAY,NAY,NAY,YEA,NAY,NAY
358,Lucas,Republican,NAY,NAY,YEA,NAY,NAY,NAY,NAY,NAY,NAY,YEA,YEA,NOT_VOTING
359,Luetkemeyer,Republican,NAY,NAY,YEA,NAY,NAY,NAY,NAY,NAY,NAY,YEA,YEA,NAY
360,Mace,Republican,NAY,NAY,YEA,NAY,NAY,NAY,NAY,NAY,NAY,YEA,YEA,YEA
361,Malliotakis,Republican,NAY,NAY,YEA,NAY,YEA,NAY,NAY,NAY,NAY,YEA,YEA,YEA
362,Mann,Republican,NAY,NAY,NAY,NAY,NAY,NAY,NAY,NAY,NAY,YEA,NAY,NAY
363,Massie,Republican,NAY,NAY,NAY,NAY,NAY,NAY,NAY,NAY,NAY,NAY,NAY,NAY
364,Mast,Republican,NAY,NAY,YEA,YEA,NAY,NAY,NAY,NAY,NAY,YEA,NAY,YEA
365,McCarthy,Republican,NAY,NAY,YEA,NAY,NAY,NAY,NAY,NAY,NAY,YEA,YEA,NAY
366,McCaul,Republican,NAY,NAY,YEA,NAY,NAY,NAY,NAY,NAY,NAY,YEA,YEA,NAY
367,McClain,Republican,NAY,NAY,NAY,NAY,NAY,NAY,NAY,NAY,NAY,YEA,YEA,NAY
368,McClintock,Republican,NAY,NAY,NAY,YEA,NAY,NAY,NAY,NOT_VOTING,NAY,YEA,NAY,NAY
369,McHenry,Republican,NAY,NAY,NAY,NAY,NAY,NAY,NAY,NAY,NAY,YEA,YEA,NAY
370,McKinley,Republican,NAY,NAY,YEA,NAY,YEA,NAY,NAY,NAY,NAY,YEA,YEA,NOT_VOTING
371,Meijer,Republican,NAY,NAY,YEA,NAY,NAY,NAY,NAY,NAY,NAY,YEA,YEA,YEA
372,Meuser,Republican,NAY,NAY,YEA,NAY,NAY,NAY,NAY,NAY,NAY,YEA,NAY,YEA
373,Miller (IL),Republican,NAY,NAY,NAY,NAY,NAY,NAY,NAY,NAY,NAY,YEA,NAY,NAY
374,Miller (WV),Republican,NAY,NAY,NAY,NAY,NAY,NAY,NAY,NAY,NAY,YEA,YEA,NOT_VOTING
375,Miller-Meeks,Republican,NAY,NAY,YEA,NAY,NAY,NAY,NAY,NAY,NAY,YEA,YEA,YEA
376,Moolenaar,Republican,NAY,NAY,NAY,NAY,NAY,NAY,NAY,NAY,NAY,YEA,NAY,NAY
377,Mooney,Republican,NAY,NAY,NAY,NAY,NAY,NAY,NAY,NAY,NAY,YEA,NAY,NAY
378,Moore (AL),Republican,NAY,NAY,NAY,NAY,NAY,NAY,NAY,NAY,NAY,YEA,NAY,NAY
379,Moore (UT),Republican,NAY,NAY,YEA,NAY,NAY,NAY,NAY,NAY,NAY,YEA,YEA,YEA
380,Mullin,Republican,NAY,NAY,NAY,NAY,NAY,NAY,NAY,NAY,NAY,YEA,YEA,NAY
381,Murphy (NC),Republican,NAY,NAY,NAY,NAY,NAY,NAY,NAY,NAY,NAY,YEA,YEA,NAY
382,Nehls,Republican,NAY,NAY,NAY,NAY,NAY,NAY,NAY,NAY,NAY,YEA,NAY,NAY
383,Newhouse,Republican,NAY,NAY,YEA,NAY,NAY,NAY,NAY,NAY,NOT_VOTING,YEA,YEA,YEA
384,Norman,Republican,NAY,NAY,NAY,NAY,NAY,NAY,NAY,NAY,NAY,YEA,NAY,NAY
386,Obernolte,Republican,NAY,NAY,YEA,NAY,NAY,NAY,NAY,NAY,NAY,YEA,YEA,YEA
387,Owens,Republican,NAY,NAY,YEA,NAY,NAY,NAY,NAY,NAY,NAY,YEA,YEA,YEA
388,Palazzo,Republican,NAY,NAY,NAY,NAY,NAY,NAY,NAY,NAY,NAY,NOT_VOTING,YEA,NAY
389,Palmer,Republican,NAY,NAY,NAY,NAY,NAY,NAY,NAY,NOT_VOTING,NAY,YEA,YEA,NAY
390,Pence,Republican,NAY,NAY,YEA,NAY,NAY,NAY,NOT_VOTING,NAY,NAY,YEA,NAY,NAY
391,Perry,Republican,NAY,NAY,NAY,NAY,NAY,NAY,NAY,NAY,NAY,YEA,NAY,YEA
392,Pfluger,Republican,NAY,NAY,NAY,NAY,NAY,NAY,NAY,NAY,NAY,YEA,YEA,NAY
393,Posey,Republican,NAY,NAY,NAY,NAY,NAY,NAY,NAY,NAY,NAY,YEA,NAY,NAY
395,Reschenthaler,Republican,NAY,NAY,YEA,NAY,NAY,NAY,NAY,NAY,NAY,YEA,YEA,NAY
396,Rice (SC),Republican,NAY,NAY,NAY,NAY,NAY,NAY,NAY,NAY,NAY,YEA,NAY,YEA
397,Rodgers (WA),Republican,NAY,NAY,NAY,NAY,NAY,NAY,NAY,NAY,NAY,YEA,YEA,NAY
398,Rogers (AL),Republican,NAY,NAY,YEA,NAY,NAY,NAY,NOT_VOTING,NOT_VOTING,NAY,YEA,YEA,NAY
399,Rogers (KY),Republican,NAY,NAY,YEA,NAY,NAY,NAY,NAY,NAY,NAY,YEA,YEA,NAY
400,Rose,Republican,NAY,NAY,NAY,NAY,NAY,NAY,NAY,NAY,NAY,YEA,YEA,NAY
401,Rosendale,Republican,NAY,NAY,NAY,NAY,NAY,NAY,NAY,NAY,NAY,YEA,NAY,NAY
402,Rouzer,Republican,NAY,NAY,YEA,NAY,NAY,NAY,NAY,NAY,NAY,YEA,YEA,NAY
403,Roy,Republican,NAY,NAY,NAY,NAY,NAY,NAY,NAY,NAY,NAY,NAY,NAY,NAY
404,Rutherford,Republican,NAY,NAY,YEA,NAY,NAY,NAY,NAY,NOT_VOTING,NAY,NOT_VOTING,YEA,NAY
405,Salazar,Republican,NAY,NAY,YEA,NAY,NAY,NAY,NAY,NAY,NAY,YEA,YEA,YEA
406,Scalise,Republican,NAY,NAY,YEA,NAY,NAY,NAY,NAY,NAY,NAY,YEA,YEA,NAY
407,Schweikert,Republican,NAY,NAY,NAY,NAY,NAY,NAY,NAY,NAY,NAY,YEA,NAY,NAY
408,"Scott, Austin",Republican,NAY,NAY,NAY,NAY,NAY,NAY,NAY,NAY,NAY,YEA,YEA,NAY
410,Sessions,Republican,NAY,NAY,YEA,NAY,NAY,NAY,NAY,NAY,NAY,YEA,YEA,NAY
411,Simpson,Republican,NAY,NAY,YEA,NAY,NAY,NAY,NAY,NAY,NAY,YEA,YEA,YEA
412,Smith (MO),Republican,NAY,NAY,NAY,NAY,NAY,NAY,NAY,NAY,NAY,YEA,YEA,NAY
413,Smith (NE),Republican,NAY,NAY,NAY,NAY,NAY,NAY,NAY,NAY,NAY,YEA,YEA,NAY
414,Smith (NJ),Republican,NAY,NAY,YEA,NAY,YEA,NAY,NAY,NAY,NAY,YEA,YEA,NAY
415,Smucker,Republican,NAY,NAY,NAY,NAY,NAY,NAY,NAY,NAY,NAY,NOT_VOTING,YEA,NAY
416,Spartz,Republican,NAY,NAY,YEA,NAY,NAY,NAY,NAY,NAY,NAY,YEA,YEA,NAY
417,Stauber,Republican,NAY,NAY,YEA,NAY,NAY,NAY,NAY,NAY,NAY,YEA,NAY,NAY
418,Steel,Republican,NAY,NAY,NAY,NAY,NAY,NAY,NAY,NAY,NAY,YEA,YEA,NAY
419,Stefanik,Republican,NAY,NAY,YEA,NAY,NAY,NAY,NAY,NAY,NAY,YEA,YEA,YEA
420,Steil,Republican,NAY,NAY,NAY,NAY,NAY,NAY,NAY,NAY,NAY,YEA,YEA,YEA
421,Steube,Republican,NAY,NAY,NAY,NAY,NAY,NAY,NAY,NAY,NAY,YEA,NAY,NAY
422,Stewart,Republican,NAY,NAY,YEA,NAY,NAY,NAY,NAY,NAY,NAY,YEA,YEA,YEA
424,Taylor,Republican,NAY,NAY,NAY,NAY,NAY,NAY,NAY,NAY,NAY,YEA,NAY,NAY
425,Tenney,Republican,NAY,NAY,YEA,NAY,NAY,NAY,NAY,NAY,NAY,YEA,YEA,NAY
426,Thompson (PA),Republican,NAY,NAY,YEA,NAY,NAY,NAY,NAY,NAY,NAY,YEA,YEA,NAY
427,Tiffany,Republican,NOT_VOTING,NAY,YEA,NAY,NAY,NAY,NAY,NAY,NAY,YEA,NAY,NAY
428,Timmons,Republican,NAY,NAY,NAY,NAY,NAY,NAY,NAY,NAY,NAY,YEA,YEA,NAY
429,Turner,Republican,NAY,NAY,YEA,NAY,NAY,NAY,NAY,NAY,NAY,YEA,YEA,YEA
430,Upton,Republican,NAY,NAY,YEA,NAY,YEA,NAY,NAY,NAY,NAY,YEA,YEA,YEA
431,Valadao,Republican,NAY,NAY,YEA,NAY,NAY,NAY,NAY,NAY,NAY,YEA,YEA,YEA
432,Van Drew,Republican,NAY,NAY,YEA,NAY,YEA,NAY,NAY,NAY,NAY,YEA,NAY,YEA
433,Van Duyne,Republican,NAY,NAY,NAY,NAY,NAY,NAY,NAY,NAY,NAY,YEA,YEA,NAY
434,Wagner,Republican,NAY,NAY,YEA,NAY,NAY,NAY,NAY,NAY,NAY,YEA,YEA,YEA
435,Walberg,Republican,NAY,NAY,YEA,NAY,NAY,NAY,NAY,NAY,NAY,YEA,YEA,NAY
437,Waltz,Republican,NAY,NAY,YEA,NAY,NAY,NAY,NAY,NAY,NAY,YEA,YEA,YEA
438,Weber (TX),Republican,NAY,NAY,NAY,NAY,NAY,NAY,NAY,NAY,NAY,YEA,YEA,NAY
439,Webster (FL),Republican,NAY,NAY,YEA,NAY,NAY,NAY,NAY,NOT_VOTING,NAY,YEA,YEA,NAY
440,Wenstrup,Republican,NAY,NAY,NAY,NAY,NAY,NAY,NAY,NAY,NAY,YEA,YEA,NAY
441,Westerman,Republican,NAY,NAY,YEA,NAY,NAY,NAY,NAY,NAY,NAY,YEA,YEA,NAY
442,Williams (TX),Republican,NAY,NAY,NAY,NAY,NAY,NAY,NAY,NOT_VOTING,NAY,YEA,NAY,NAY
443,Wilson (SC),Republican,NAY,NAY,YEA,NAY,NAY,NAY,NAY,NAY,NAY,YEA,YEA,NAY
444,Wittman,Republican,NAY,NAY,YEA,NAY,NAY,NAY,NAY,NAY,NAY,YEA,YEA,NAY
445,Womack,Republican,NAY,NAY,YEA,NAY,NAY,NAY,NAY,NAY,NAY,YEA,YEA,NAY
447,Zeldin,Republican,NAY,NAY,YEA,NOT_VOTING,NAY,NAY,NAY,NAY,NOT_VOTING,YEA,NAY,YEA
